id,Golongan UKT
80884,3
44867,3
110878,6
146013,4
145148,2
91242,5
127328,1
128674,5
146910,7
151087,5
61019,1
77442,0
128467,0
129434,2
108176,2
69661,0
146146,6
104756,0
148902,4
111112,4
90402,0
82886,3
42660,3
123722,2
124203,2
76781,2
90266,4
77691,1
44030,0
94420,1
105847,2
111056,5
104661,4
76942,4
43570,4
145305,6
90392,0
104435,2
81195,7
108594,0
108453,3
109619,1
93741,2
69656,3
67908,3
83182,0
42086,4
42123,5
61471,7
123369,5
149254,0
61341,2
103821,5
125292,3
68228,2
61617,0
108008,1
42595,2
95898,3
77786,7
67758,4
103492,0
76493,1
62159,0
128282,0
110144,2
127889,0
88976,6
109698,2
94988,3
146348,7
77419,7
93966,3
81539,5
105271,5
45434,4
148636,3
107871,5
94935,3
45849,2
104496,7
47727,2
82250,0
42397,3
149991,0
107298,6
149485,1
150396,4
148667,1
126551,5
45008,1
129463,4
75610,7
84043,5
129962,5
94906,7
150190,3
66921,7
96357,3
69929,6
61193,3
81771,4
108084,4
148734,6
146998,6
105232,4
47788,3
75977,7
108053,2
148652,4
61620,1
94056,4
94001,4
43041,5
109327,5
111159,5
108314,5
81717,2
45009,7
89586,3
60832,0
94073,3
81393,7
76420,0
104081,1
124781,3
82804,1
151085,0
45961,7
81032,0
127038,3
149133,1
129898,2
89747,7
109943,1
80542,7
76282,0
68996,6
128619,3
46454,7
75769,2
43030,7
67933,3
109677,7
146035,6
61742,4
125271,1
124914,1
105174,5
127986,5
43474,3
43829,2
124801,1
148156,7
127140,0
89415,5
127409,2
149771,5
127309,6
107208,5
42502,5
46390,0
150402,3
83911,6
67142,6
94615,4
148202,6
129704,4
148291,0
148602,3
95348,1
151100,3
83423,3
146654,0
82089,2
124846,5
83740,4
148548,7
107832,3
61692,0
104896,3
128750,6
93594,2
95169,4
46626,2
42237,5
146940,5
150849,5
124573,3
109573,6
150073,6
108359,2
93089,1
90146,3
45565,7
107280,4
47824,2
147297,2
81331,1
124837,7
67530,7
145341,1
123665,7
84113,5
108649,0
42337,0
80703,1
129269,3
68530,7
46905,7
82084,3
148087,1
150341,2
95047,7
90825,7
68489,5
90904,3
146725,4
124397,7
146696,5
60906,1
84085,1
148021,3
105648,5
107170,7
91144,4
128764,5
105055,6
149902,5
69823,1
149669,3
81760,2
111234,3
94910,1
107435,2
92918,4
104197,2
124795,7
67038,4
148743,7
68223,4
127638,4
47738,5
146419,6
104741,2
148646,5
105405,1
105525,2
93526,6
76215,3
105261,7
149295,7
76743,7
145283,1
61015,3
146061,1
146705,6
148405,4
82164,1
81532,6
67607,7
129450,1
123913,6
103489,7
62520,7
93840,5
47216,0
90534,2
75510,0
94162,2
126838,4
109530,3
91325,6
110246,5
129860,4
149398,3
61691,0
128775,7
125285,3
75904,7
105310,3
125119,4
147214,0
47980,0
88757,6
90206,0
145295,0
147921,5
96281,1
68759,2
145378,7
42148,0
108702,3
88819,5
129417,1
145459,4
89009,7
91360,3
96459,4
61308,4
47721,5
109160,3
47635,2
95236,0
75795,6
43581,0
42959,6
106005,4
127230,3
83058,2
95284,4
77593,1
109111,5
43749,7
44874,3
149797,2
84005,6
109412,3
61364,7
77323,4
47129,5
77555,6
145345,3
126719,2
83704,1
68943,0
62862,2
91143,1
61332,7
42873,2
146980,1
77851,6
93588,5
76003,1
127442,3
89606,5
42455,0
61598,5
45040,0
94504,5
81586,5
104797,7
77114,7
61888,0
68539,2
128849,0
69513,0
43085,4
106335,3
81706,3
95644,6
94266,4
124093,6
110991,3
61230,0
125254,1
47289,2
148892,6
90660,1
68271,5
110642,4
83692,0
128030,0
147958,3
62584,2
42616,0
107795,6
81688,1
46103,6
149414,6
77212,4
105652,2
88995,1
128165,5
95958,5
147370,1
90371,5
68093,3
127568,4
111174,0
77410,4
76428,7
123649,6
129838,0
47375,3
83895,7
104564,6
103549,2
75713,4
150035,1
62496,2
103915,6
108215,5
47724,3
43142,4
127971,1
75754,7
46243,5
48002,5
80812,7
126799,7
103887,3
42758,0
82763,1
145857,3
46745,4
83992,1
125065,4
42682,6
43427,7
42425,6
77176,2
129475,4
83289,2
150426,6
94092,4
61916,6
104630,5
43453,6
45103,2
67389,6
104226,3
94617,3
83366,1
151117,6
110343,2
44859,2
123618,3
105973,2
90769,2
81623,3
76163,6
91464,7
105178,7
96454,7
123899,1
126857,2
123986,1
151205,0
126990,2
45637,7
76271,4
62382,5
108643,5
150518,4
125418,3
42536,4
125449,7
95221,2
91068,3
90438,3
44992,7
95880,7
94272,4
146523,7
147417,2
46602,4
145310,1
128083,3
43458,1
103547,6
82814,1
94941,1
46665,4
68284,5
67808,2
61175,6
123942,5
108689,2
77267,7
42098,2
45024,5
43690,0
128581,4
106182,1
150078,1
109183,4
124121,4
95830,3
106987,2
145945,0
82543,4
127612,3
151048,3
103815,5
83144,6
80628,0
150897,1
107403,3
88954,3
46838,4
106165,1
94152,1
124053,4
62562,5
67486,5
46622,2
90021,2
62757,2
47835,5
96363,1
148201,7
46156,0
45320,4
124544,5
127241,6
149983,0
67567,0
77080,4
75698,0
69955,1
126707,1
42197,1
105444,3
43661,0
104491,0
124220,5
44919,6
108627,1
43776,1
148097,4
43361,6
108788,0
82453,5
69916,1
88870,6
62289,5
46617,7
125161,3
148524,0
92822,3
124163,7
95971,7
129374,6
109532,6
90027,5
94930,5
103946,3
45571,0
123671,6
109444,7
127480,0
47476,0
62383,2
106319,2
106383,7
69425,2
76713,4
148235,5
89509,4
103450,3
127157,0
46241,7
83777,2
123518,6
47201,2
107818,6
67226,5
45866,6
105244,7
62271,3
124630,4
106066,1
123969,2
149944,1
106396,2
68985,2
148131,1
46334,5
147228,3
76371,3
129572,6
84073,2
147110,1
90195,7
106229,1
46005,5
69426,1
80664,6
69084,1
126895,3
43134,6
45615,5
61433,5
93950,0
43912,5
108880,1
67121,7
108852,7
82621,4
83007,3
107466,7
89432,3
149282,1
67612,5
145602,5
123409,0
95009,2
105131,7
123967,1
150656,2
42948,0
47594,1
108083,5
46522,0
82569,5
89968,1
106280,3
44961,3
107035,4
42907,5
68647,3
45648,1
43353,4
90773,3
150005,1
147836,6
123778,6
145846,4
147844,1
67931,2
69709,3
123657,5
46698,2
75617,4
69665,5
104524,3
125148,0
128055,0
95575,1
67822,0
62080,1
145608,1
109280,7
88734,1
69863,2
109787,2
107612,5
45694,2
105908,4
92881,2
43803,6
81454,5
95682,1
148419,3
91448,0
42550,0
90102,2
43977,7
46469,5
68106,5
76811,6
94559,2
107366,6
42922,1
107809,0
67382,4
81736,7
150763,0
77819,6
94228,0
103860,5
96351,3
91241,6
146072,6
67928,6
123372,3
47080,2
124610,7
77738,3
150330,2
146333,1
125186,2
47408,3
43572,3
47540,3
147175,2
61048,4
90871,3
80615,6
42598,5
149505,2
75711,0
111255,0
90274,1
105607,4
47571,4
76142,7
83385,5
104742,4
90171,4
43410,5
61564,1
67665,4
149523,3
61543,2
83172,5
146062,1
108753,6
77095,0
62643,0
61266,7
43120,4
89013,5
106334,5
69291,3
96204,7
150332,0
145555,3
127870,7
125266,5
146493,2
108926,3
77342,6
127029,5
124486,4
128554,7
69024,5
148415,6
80871,4
145912,2
128209,4
94995,6
62061,6
105922,0
107842,2
47569,2
81381,0
92851,0
146036,2
124004,5
62160,4
42963,3
128813,0
107722,5
82655,4
150945,7
96386,5
149787,0
82346,3
110453,2
125249,5
107517,7
128767,0
108384,5
61150,6
83617,5
67246,4
46453,1
68249,0
106354,5
149123,6
95717,7
45688,6
94828,4
105528,7
81387,2
128685,6
107039,4
75538,6
77159,5
80547,4
125261,7
67954,6
43643,5
77408,2
61979,5
62535,7
105278,6
42351,1
66932,0
104280,7
62114,7
147404,4
149221,3
148448,4
104315,4
42205,6
129782,3
60902,5
107986,6
128736,3
93199,2
96175,5
44868,0
83229,2
90119,2
81385,6
82150,5
96181,3
94263,0
42456,0
45481,4
107918,2
83521,5
148924,1
46610,7
43102,4
45561,3
45407,6
149403,5
108370,6
148510,4
46545,2
80565,0
66952,7
103704,7
45933,0
150336,6
149496,2
104292,3
96548,0
77546,3
77219,6
146389,6
147420,0
105195,1
80830,7
128525,0
104984,5
151232,6
89548,7
123591,1
127311,4
61783,0
89406,1
124249,5
146719,1
67523,2
93947,7
61173,0
91167,3
83551,1
43966,1
124549,0
96246,7
125404,6
124438,3
46253,0
147480,2
94968,4
76848,1
128334,3
46736,4
76851,2
149109,1
43529,6
84078,6
83763,6
46794,0
149538,6
89249,2
42911,2
124737,1
128713,7
127450,2
43355,2
105236,6
89481,6
81889,7
128802,3
111000,5
42859,6
107915,4
80875,5
148880,7
124542,0
125128,5
69856,7
42585,7
110551,2
95667,3
61524,6
147116,0
62001,5
77684,7
123685,4
146021,4
42045,0
146919,4
146193,3
109208,7
93706,6
91106,3
148293,6
104485,1
105776,3
43124,4
109888,1
145956,4
150207,4
128296,5
89142,6
147235,6
45153,7
93503,2
145486,7
47018,3
76499,1
77197,7
125159,2
150038,6
60798,7
95137,3
129868,4
80948,2
93636,7
123397,6
83163,6
109649,6
75619,3
46361,7
94800,5
69378,4
47166,5
149609,5
146560,2
42668,4
109486,6
128159,1
107754,1
146166,1
93294,0
42988,0
95461,0
69366,0
46017,1
44974,7
61579,6
109026,3
106355,1
127944,1
124734,4
89320,2
146945,2
126594,2
111253,1
83519,4
148204,3
96418,3
94148,7
110776,2
45548,0
45454,6
43806,5
126706,0
81597,4
96387,4
110205,3
45034,0
69827,1
81175,0
93609,2
145247,1
105732,6
68698,1
42297,7
147058,4
145636,3
60932,7
42028,1
146677,4
108079,2
62563,5
146741,7
146369,1
77722,0
146250,5
109762,0
123933,4
47251,4
110019,5
77067,7
123544,5
149383,1
146986,5
46543,1
42913,3
149035,6
82144,6
94273,2
83410,3
107907,6
128026,0
108956,4
42092,7
128418,7
83500,6
104622,4
128976,3
104086,4
92775,0
44808,4
60941,6
106416,7
146570,0
105942,7
104156,6
104067,4
61963,0
109469,0
128311,5
105772,7
148570,5
90393,6
149992,1
92860,7
89276,7
129611,2
104133,0
60956,2
89675,5
110801,5
147928,1
89991,1
45027,3
77023,6
80651,6
75967,5
68206,2
82239,3
123958,2
147310,0
83658,4
104062,5
47797,5
47117,5
105369,1
43725,5
105763,3
89888,2
45786,2
145456,5
46804,7
62652,0
69680,1
47860,6
43128,4
47162,5
129046,5
66994,7
42049,6
94051,6
76125,0
104429,5
105409,6
109312,4
126798,4
62024,5
123347,7
145818,1
94897,6
81712,1
68130,2
83291,6
145778,5
46539,1
89995,4
82800,5
94069,6
103641,0
124198,5
62366,5
80606,7
68529,6
45091,2
146281,7
90359,3
129535,1
69685,0
109393,3
129934,1
128356,2
108829,3
109512,0
94020,7
46516,1
126952,6
109814,0
88896,5
44986,2
106432,4
149551,7
42433,3
128705,5
94112,7
95508,1
149237,1
76968,2
82643,5
68643,4
69474,3
80858,4
128106,5
123895,4
76948,0
149314,7
103886,2
90298,7
44937,6
80906,7
89173,5
104094,1
147249,2
62846,6
110109,2
110866,7
123774,4
104671,3
150377,2
77312,7
67973,4
69562,6
47427,6
104141,2
62534,7
82673,1
89818,4
43236,5
83734,4
147351,6
89215,4
107590,6
83881,1
110961,4
145549,4
108307,6
67490,2
69174,4
46714,0
150567,1
106104,7
123637,6
77652,0
62435,4
124292,3
111134,6
105653,2
66981,5
45263,3
95649,3
146304,0
129872,1
110448,1
96557,3
109214,1
45758,6
89393,6
81398,3
103993,3
104115,2
82940,6
147337,5
146701,1
110378,2
145307,7
44003,7
105385,5
125273,1
148899,1
68622,0
82696,2
67664,4
75940,2
77220,3
124932,7
94850,3
46287,7
107081,4
145867,6
109841,3
42729,0
150759,3
77147,4
128308,6
68546,5
107909,6
148013,5
42966,0
123286,6
62630,5
127555,2
96569,2
67585,5
47232,3
89362,6
145383,5
123294,0
47361,5
90185,3
81281,5
129438,7
129781,1
76002,0
93559,2
67319,6
44008,7
82289,5
109170,0
125187,3
67879,5
129780,2
124905,6
82764,4
90851,4
147467,0
127850,0
123498,4
43038,5
88748,6
93263,6
107098,1
105698,3
47111,4
151221,3
91051,2
82119,2
67870,5
77386,7
95471,2
104051,6
146299,3
61681,0
148999,3
42635,1
46710,4
45959,6
108154,2
128534,5
42483,1
149406,0
69755,1
151270,3
62153,1
145164,4
89567,7
146286,4
42664,7
150542,3
80717,7
129055,4
68543,5
127671,2
110888,4
103469,2
46495,4
127554,0
60916,0
110882,5
150853,4
123430,0
77008,2
123323,0
89035,6
62609,5
125314,3
69866,3
128898,0
145267,4
89498,5
111235,4
84129,0
123841,2
46720,6
77453,0
107812,2
42806,4
47865,6
45285,6
107662,6
67481,4
90940,1
124735,5
104351,4
67118,5
129044,4
128544,3
145578,6
109805,7
126806,1
82915,1
77254,2
94902,6
147099,2
146700,5
124507,6
111168,6
145755,5
105132,6
107786,0
76329,6
146114,2
128800,4
69529,5
82672,6
110226,0
145256,6
127930,5
105663,3
76890,0
42580,0
69098,3
43501,2
96576,2
89132,4
145644,1
127176,7
123910,1
103566,4
83465,7
47108,6
42056,2
149166,5
145914,5
90351,7
46781,1
147158,3
90084,2
80691,1
42314,7
105217,1
108958,6
76869,7
42165,1
103423,2
145626,7
45542,3
128006,1
107006,7
82215,3
47045,0
61101,7
67551,6
124477,2
88743,1
146227,2
77588,0
45232,0
46621,4
95591,0
83375,7
127352,1
46684,0
124124,7
43069,7
94918,7
43346,1
94000,2
107025,3
96250,2
68375,7
106369,3
103476,6
62497,5
90831,7
125321,1
81185,6
148357,5
105605,4
146552,2
84105,1
76214,0
46114,6
124728,6
69239,4
80583,0
150530,5
75865,7
89550,3
128109,3
105986,1
149885,2
96095,1
105546,6
82160,2
124327,0
61779,5
46895,4
110990,7
82330,7
146186,7
67001,0
75804,2
47827,6
103453,5
89401,7
62264,0
67111,7
46242,4
43406,4
94081,0
60937,6
150733,5
47149,5
105170,6
46546,4
110581,0
150408,4
75697,3
81846,2
124729,4
126749,2
105595,2
124763,6
46969,3
69271,0
47778,1
68863,0
83818,5
80797,7
83011,5
123705,5
129265,6
43239,1
127545,6
42419,6
47539,5
62659,3
91377,7
45482,2
110691,0
145522,7
77412,2
146164,2
68393,0
123524,1
105634,7
105613,1
88735,5
91300,7
76973,2
128623,6
109182,1
104849,7
42009,4
150715,5
93600,2
45143,1
91396,7
62550,7
62282,4
111068,3
46195,5
61596,3
104944,4
80865,0
47460,6
81854,6
91159,1
124663,4
94960,2
127445,0
47397,5
77640,2
129549,5
104006,1
77914,7
111227,7
69768,3
149881,2
104238,7
148454,4
47404,5
104532,2
129626,5
109735,4
67120,3
89468,5
62349,3
82982,5
77978,2
81211,0
105760,0
47196,4
104593,1
146353,6
148877,4
109158,1
67447,2
146403,4
62732,2
148509,3
150174,6
81912,7
148715,0
150196,1
150489,2
93578,7
108269,3
145297,2
107250,0
126821,2
129026,3
76764,5
147515,1
45805,4
107944,5
90525,3
95527,6
75558,0
110681,6
67366,5
66944,7
43796,3
76197,7
128132,5
43116,5
127269,7
77045,6
83307,4
91439,4
43611,6
124791,3
81746,7
103671,5
106219,1
82507,7
68040,1
124920,6
110269,7
62122,1
149569,0
95411,1
77103,4
104059,2
69962,5
89114,2
89690,4
45858,5
127203,4
89649,2
43231,1
77986,4
46815,3
149366,1
124810,0
83231,0
104987,1
67689,0
67756,0
89394,3
60852,3
110164,5
61344,4
69251,1
90959,2
96096,2
125307,6
149727,2
44975,5
126948,4
124007,6
45719,2
107730,0
83416,2
82454,3
42317,1
75820,4
45303,7
90120,1
68433,1
109067,4
62491,4
110535,2
151333,5
46505,1
110598,6
93988,6
95401,3
68706,7
105651,6
80978,0
89847,6
67934,2
83674,0
47883,1
109641,3
124488,6
67238,7
148955,0
149200,1
77896,4
94235,2
145961,1
148014,2
125446,2
108488,0
128324,3
67592,5
124871,2
91071,5
47422,6
80630,3
107770,3
149432,1
128877,7
77595,5
89897,6
151140,6
68474,4
124575,4
61607,6
108601,6
43891,1
146130,3
105029,2
127027,4
146320,6
62285,5
96217,6
88770,7
149649,3
93189,1
94109,4
128343,1
42262,1
42256,3
45573,6
47686,2
62096,0
81468,1
68075,7
62384,6
42711,7
110842,5
62427,3
109499,3
67967,0
91309,6
43141,2
92820,5
128689,2
68017,7
60905,4
88793,2
149067,4
145405,5
82912,2
127556,0
96267,5
145169,0
95218,7
149604,4
95258,3
148450,2
124158,3
128321,6
45157,0
67611,4
82991,6
129181,5
150268,4
46154,0
47000,1
146155,0
124047,0
147460,2
83184,3
110258,7
128894,3
149115,3
46255,2
89986,5
111200,5
149206,3
125332,7
94128,2
60980,7
105092,3
91207,0
95680,0
128529,2
44882,3
146641,4
69063,5
47333,1
80679,7
43431,5
89023,4
124627,6
128789,2
145645,0
150499,6
61321,0
77467,2
77536,4
90609,0
149839,3
148731,2
82998,2
75930,7
42150,2
110444,2
43903,6
147206,4
80829,4
46459,4
150365,0
46660,0
146740,4
61248,7
145674,5
145302,3
149633,1
43896,5
82477,7
95867,4
45642,4
62136,2
127092,2
67818,3
110079,2
95560,2
45479,2
109167,3
123743,5
145496,6
93771,1
149101,4
146840,4
76504,1
94218,6
68402,4
77699,6
62346,7
109354,5
89339,0
95011,2
149439,1
47649,6
150086,1
94245,0
62780,3
90739,4
67645,7
88729,0
127849,0
46861,7
46849,4
62426,6
149231,2
61982,4
75655,2
105622,6
95353,7
96310,7
129619,5
94937,7
83378,0
77269,7
90022,0
44844,1
76597,1
95564,0
104628,0
82905,4
68637,7
108635,5
109856,1
123403,3
81449,3
46627,3
69973,6
42683,2
75586,3
44000,1
123936,3
123537,3
75688,6
146951,3
67018,6
90231,4
89983,3
105483,2
61231,0
147137,4
111166,7
62476,7
89419,1
151304,2
68730,6
107402,3
147309,3
109864,3
61522,2
104005,6
89037,1
147495,3
90465,5
145364,0
46412,3
150071,7
67352,5
43947,0
146825,7
77228,4
43394,1
148911,2
93231,7
83165,4
96008,3
127882,6
150592,4
46298,4
110564,0
83854,1
83766,3
69186,6
84116,0
70033,6
88875,4
129591,0
69077,2
96593,3
77873,4
76453,0
69630,0
149784,1
150070,0
104951,4
104580,7
47121,4
125311,3
66993,4
45460,6
129425,2
76303,2
47785,6
62644,0
80598,7
43813,5
80554,5
67742,2
93871,4
108064,1
67032,3
104037,3
90244,7
88928,3
69783,5
75579,0
83855,4
82972,0
147141,3
108786,3
145340,6
127908,2
94297,2
90400,2
76180,0
81045,7
111251,7
81306,5
67036,7
62315,2
81148,1
68677,7
104596,2
70008,6
91455,2
60988,5
77011,1
96040,3
80857,2
107290,2
96378,0
151263,4
104566,7
125005,4
46208,5
93986,3
90430,7
81579,3
124906,0
93417,4
68760,2
145389,6
96468,1
105049,2
128355,5
77388,6
129665,1
146367,5
90425,7
69085,2
89694,6
90958,7
77663,1
46715,5
69001,1
146242,5
127079,5
150998,0
124481,0
75918,1
93148,0
46318,5
89429,5
145268,1
95581,0
83238,1
61408,3
149716,1
81525,2
80794,6
80793,3
106308,5
109358,5
103540,7
47730,1
151302,0
127350,0
45346,6
76348,4
82063,7
61296,5
127874,6
90491,3
75737,1
75789,1
69327,0
89542,3
46481,5
83180,7
129663,1
61571,5
96595,2
151032,2
148486,3
109490,0
43616,2
124103,0
83139,6
60805,6
81711,4
62140,1
46808,5
47527,4
46419,3
128027,1
146798,6
82281,1
43338,3
149213,2
108626,4
84120,2
82631,2
149494,7
127726,4
47195,6
42784,0
89380,3
83358,4
68552,7
127056,6
62711,0
76885,2
62636,6
45808,1
148186,7
145966,4
105668,3
128858,2
127626,2
128263,0
62098,5
67925,7
104211,7
89166,2
123711,3
108451,0
149982,2
69446,1
46913,2
107121,4
62347,6
47197,5
110188,7
93084,4
123594,5
107797,4
45958,0
83279,2
45527,0
62438,2
145192,3
105900,2
69521,7
129537,7
42659,0
108221,6
95659,7
127749,5
94724,0
47638,5
44909,0
128093,2
103840,6
128569,3
45329,2
93686,2
61448,3
94487,2
105890,3
123275,4
67062,6
128915,4
91363,1
110770,0
104969,4
94901,6
127102,7
45468,5
69644,7
95264,3
147211,5
145841,4
67887,4
89118,3
110021,5
67474,7
43393,1
124796,2
81645,6
61772,2
67023,4
45879,4
146401,3
91039,5
45405,5
124077,3
47159,3
145235,4
46356,0
94605,4
90927,0
95517,4
108855,0
107815,6
45708,3
151220,5
46767,2
43384,3
91197,7
105060,2
66987,2
45516,7
128278,1
110727,0
69102,0
106116,0
148261,2
89169,4
96285,7
123847,4
69237,3
104890,4
88902,0
61473,4
42249,4
96521,4
124204,0
68162,0
129309,6
42997,4
145462,5
151368,1
123919,7
108588,3
77477,2
150293,7
106264,4
82571,7
105469,4
68199,6
109693,1
81665,1
43048,2
89093,1
43946,2
42537,3
61334,2
89691,6
82555,0
91252,2
77704,7
128289,5
68102,2
109338,5
67627,4
45386,3
69563,3
146237,3
148968,6
150344,0
84110,5
123503,4
70009,2
60783,5
149618,4
127147,3
103823,7
77545,2
90083,1
83062,6
123773,0
95754,7
77985,7
76048,0
149831,5
147199,2
47740,2
93745,5
145827,4
104737,3
96567,5
46159,7
89314,7
107220,2
124285,0
124717,2
94233,2
128573,6
110078,7
43423,7
80675,3
45048,0
42144,6
89802,6
110191,2
125208,0
68041,7
81565,2
126832,4
95283,4
42909,5
146361,2
75742,1
76337,4
106083,5
95632,1
127492,6
82903,7
105796,2
127119,7
96537,7
81084,3
91416,0
77224,5
129353,1
106998,2
150913,6
46368,4
44984,6
124043,2
76073,7
43792,0
42078,5
76208,4
147292,4
45765,1
124012,3
67850,0
47959,1
83047,7
146002,5
46351,5
95306,0
47760,1
46748,5
46433,4
61405,6
45938,4
89910,5
96334,1
147280,6
83998,3
126949,1
77730,4
126688,0
150879,4
45174,1
82590,4
83119,0
77281,0
90684,5
127235,4
128564,1
110206,7
127168,7
107889,0
88871,2
124144,4
108680,3
75852,1
124172,0
108967,4
67338,5
75592,0
46569,3
104035,1
82850,0
124314,0
107869,0
90257,7
108948,7
45689,1
42486,3
146499,0
129893,6
77617,2
89190,1
83030,3
108818,3
149713,4
76972,2
110441,3
82178,6
46238,4
61790,6
127143,4
147315,1
45129,5
123860,1
82206,4
76001,3
111037,4
109566,7
69499,2
145540,5
76850,2
95895,7
43833,7
47941,6
127548,2
81241,3
89171,1
103942,1
91347,5
89658,1
91094,7
45270,7
128288,6
42224,1
69138,1
76680,3
90019,6
94350,3
107200,3
80755,0
148083,2
43834,2
127902,6
94806,6
67336,2
151164,4
43569,0
123796,0
124647,7
91350,2
43261,7
128164,3
67833,5
150243,5
126897,0
82410,1
123536,5
42201,1
148530,6
147493,4
45379,5
92813,3
67421,1
77329,1
151107,5
104319,1
81727,4
92903,6
103596,3
45737,7
43560,7
104570,4
108973,0
128616,0
129585,7
123911,2
145184,0
107780,4
67737,5
109384,5
145401,6
124030,2
43732,7
95467,0
45558,7
108634,2
111267,4
127051,7
128531,1
82698,6
68929,7
128890,2
150546,1
129514,7
146710,6
151254,5
128366,1
146594,2
82100,2
124478,0
67705,4
149938,3
94066,5
127656,4
47172,5
82333,4
68409,4
103835,7
45718,3
46628,2
104765,0
90018,5
109759,1
69351,5
82060,1
149714,0
76302,0
147481,4
90215,1
126646,2
129500,6
61669,3
110347,7
147925,3
109850,0
88840,5
42738,0
82274,1
62163,6
128397,1
94382,5
45305,4
43630,1
62254,3
145808,6
93617,6
148051,7
76078,6
147886,2
42998,5
83002,5
83651,3
77803,0
148738,1
127703,4
76583,6
80938,6
103737,7
75987,0
108573,2
91426,2
83186,3
129862,5
43910,3
127393,6
95211,2
62171,3
43948,4
47925,1
43037,6
61764,1
83703,1
69888,0
108652,6
149138,7
147331,2
68013,7
151060,3
148915,1
103787,6
110224,6
91434,6
92804,0
129027,5
110867,5
46053,5
77748,4
104268,7
82890,3
76586,7
103573,6
110015,6
127982,0
82813,2
82993,1
61393,4
81555,0
145745,1
69172,4
148777,5
147902,5
68903,4
89242,0
123886,4
46001,3
107599,6
104608,4
104417,2
107694,7
66951,1
68531,7
67240,1
145495,4
151155,2
84126,2
91080,5
77119,2
129348,4
68524,2
145965,1
68437,5
82230,6
126789,1
147167,7
124002,3
108568,2
146053,1
77686,1
90510,0
76156,6
69170,2
129652,1
67549,1
77497,3
61580,7
77223,0
47676,2
42310,3
43932,5
147251,1
90980,1
90790,5
108336,1
103441,6
94158,4
129059,5
124080,2
103998,3
146406,3
147870,2
107586,4
62487,6
95912,5
108745,2
42114,6
62742,4
68321,1
94565,2
69137,1
69361,6
129138,3
43919,4
80557,6
94146,5
108968,6
106447,3
47510,7
90745,0
67661,5
108415,0
94323,5
96329,6
83209,3
68714,0
105165,5
127416,0
106436,0
81075,5
148144,1
147456,4
105340,1
109576,6
90945,3
146820,1
67037,1
82238,2
81046,7
83235,3
107611,0
91284,1
67496,7
61157,5
89123,6
69882,4
104464,6
107991,6
43717,1
127866,6
146612,6
147409,1
109180,3
124263,6
147082,4
77520,3
77941,4
151253,5
45427,7
128071,4
103951,7
62540,5
128921,7
124032,1
46777,1
80968,3
81095,1
148950,2
109097,0
108614,7
75811,7
89748,5
77610,7
67461,5
43874,5
150605,3
107489,5
81838,5
108219,6
103752,3
45186,7
75864,6
150497,0
47307,1
75771,7
94874,0
110231,0
43253,2
46940,7
127212,4
145811,1
62020,2
77368,6
83589,3
45136,3
150076,6
149012,2
106118,6
43870,3
93656,6
76865,7
83550,3
90560,5
67644,5
89684,4
89563,2
105140,7
77328,1
69156,6
148970,5
123588,4
62418,0
150929,5
124581,2
89054,1
124711,1
151072,4
93580,0
69365,6
128876,1
109317,4
62700,4
82003,4
148907,6
46819,5
67426,5
47134,2
47036,0
68381,0
61972,6
77724,5
42332,0
68659,4
91164,7
62440,4
93786,1
77822,3
47928,4
103534,4
94171,3
103525,4
108863,4
95370,0
127651,7
109800,0
75976,7
146077,0
146841,4
127710,1
81778,6
108103,7
104719,5
109242,1
43279,2
77358,3
105875,4
103650,6
149726,6
67402,1
93450,4
76615,6
89857,3
82099,1
93725,5
46983,3
42007,4
145524,3
46091,2
123799,7
82975,0
42141,3
127760,0
69518,2
81115,4
145212,3
148722,7
89591,7
105330,1
128292,3
94948,6
95403,4
42404,2
90045,7
77266,7
123924,0
91202,0
43256,1
60904,4
104917,3
95033,1
77723,1
128112,5
104751,2
123675,3
128851,4
103479,3
81560,4
45378,5
93273,0
42622,0
147045,2
105056,6
149711,6
145368,1
150933,1
111228,3
83863,3
76240,5
47415,2
46619,1
47328,7
91393,3
46116,1
83932,5
89538,1
89797,1
61244,5
45002,0
123661,1
83442,7
68311,4
109960,7
62123,6
108982,7
127920,2
82293,3
91184,1
76685,0
80688,4
93722,6
151050,0
109647,5
42252,7
76565,5
68832,0
110216,3
123364,0
107227,6
128809,0
60925,6
80726,4
94320,1
148183,3
69782,2
93553,0
148689,6
77396,0
45384,1
62590,7
43429,3
146590,7
148947,7
151234,1
81401,3
149957,5
76785,4
103740,5
68653,4
104929,2
123422,3
123584,3
44918,3
89721,6
107120,3
95118,6
42400,2
82476,2
46585,6
81099,5
89956,7
68930,6
105123,5
104306,1
67187,7
46035,7
90908,6
127347,4
90449,0
151439,3
43257,1
60901,5
69931,0
47395,6
124862,2
68351,6
62053,1
90717,3
145579,0
149044,4
68158,7
43349,5
149253,2
104160,1
147381,6
110951,3
145246,6
69432,6
89553,6
123338,7
67538,0
82681,7
43125,0
103542,2
42151,2
96403,5
105892,5
80893,6
95174,3
107341,4
94189,4
110312,5
123777,1
95393,7
42474,6
129147,4
94735,6
150251,4
104099,5
104785,6
42053,2
105112,5
67136,1
61356,4
129384,6
146116,2
47618,3
95381,3
46792,6
69205,5
96315,7
83468,2
103597,1
46752,1
47267,7
89505,5
43447,4
105208,0
82062,6
47509,5
110182,7
67647,7
146896,6
107630,1
129526,3
83615,3
77903,5
45393,7
109231,3
90581,5
94707,6
107602,2
125210,1
129513,6
95935,6
43868,6
81312,4
124521,7
95892,6
77073,2
149399,5
43674,5
83673,5
45316,2
76321,1
124992,6
81495,0
123687,3
75835,6
47659,0
89049,2
146504,2
90117,0
125245,5
80496,2
125296,1
42380,4
107137,1
95172,5
128367,4
77592,7
110548,6
146997,2
93289,4
150855,5
77203,6
151231,3
145564,7
106210,1
67420,1
128892,2
111137,1
129112,1
107232,1
69086,5
67002,7
77188,4
106243,6
75694,0
82185,4
108636,4
45039,6
147020,6
129024,7
76222,2
128102,5
69119,7
77902,6
148538,2
109049,2
77069,3
145415,6
43380,6
61857,3
148878,2
123706,3
69447,0
61081,6
124208,0
125465,0
62516,3
150821,7
69836,6
149058,5
127060,5
62033,0
89347,5
150140,5
95237,2
148542,6
104534,6
61584,5
68127,2
95472,0
95843,6
146054,3
83251,1
109402,1
69555,3
81973,2
146971,2
145891,3
88813,7
68009,4
45634,1
46187,7
47815,4
89759,2
109738,3
148364,5
68168,0
127077,7
43566,7
149596,6
76299,0
77299,5
46836,0
146868,6
123736,2
69712,5
149739,7
104327,6
94507,4
68025,6
62592,0
89664,4
82971,0
67348,6
129678,3
82628,5
107334,5
42517,5
42795,4
107788,6
81177,0
105282,2
93387,2
149031,2
147120,2
89645,7
76650,3
69582,5
82863,2
77440,5
149882,6
46364,0
109496,7
89040,6
145834,7
147965,7
123345,4
147100,4
67936,1
106119,6
45443,2
125168,6
127946,5
83387,7
91188,2
68343,2
47411,0
147166,0
61162,2
146119,6
43523,5
105543,2
127132,5
76902,1
62786,4
105529,4
107010,5
149798,3
89835,5
128783,6
151074,3
89872,6
126628,7
109889,7
109236,7
103885,3
88786,6
111191,0
104617,4
76739,2
61698,1
81629,2
46307,6
77060,6
82417,1
147089,5
95973,1
127975,4
42097,4
46257,4
105318,1
67463,1
81129,6
149410,3
67101,7
43071,2
68194,2
93090,4
149141,5
106070,1
145323,0
45794,7
94592,7
104159,6
146354,3
109691,2
146640,4
104516,3
146974,3
127264,6
123612,5
69875,7
45817,2
124260,4
93678,3
43407,1
91469,6
60900,2
83395,1
146861,0
96455,7
108054,2
61268,7
150521,0
67291,0
150441,4
129914,1
105072,4
69650,6
109335,3
148090,1
42663,4
104458,7
77208,4
91306,5
90250,5
76057,1
147790,2
62062,2
83513,4
46146,1
107919,5
42549,4
96331,2
81775,7
46382,4
46475,4
107885,5
67410,0
150011,1
151239,4
42327,5
60892,4
88914,6
123772,7
61106,5
150002,0
77735,0
110086,3
145366,2
95204,7
61821,5
44892,4
150373,5
81216,6
90191,3
127812,7
108328,0
126552,5
147842,1
90645,3
109730,7
82385,7
104017,1
46534,3
69440,4
45853,1
61638,2
124779,1
42760,7
62330,4
67407,4
83497,3
76644,2
146911,3
46632,5
106333,7
104934,3
60924,5
145342,0
61604,6
77430,2
42515,4
149910,7
105910,2
104898,2
61815,2
90584,5
84058,3
89886,7
105573,7
75748,2
93991,4
127407,1
123365,2
67687,2
146533,1
75741,5
95695,5
47063,6
148095,0
148823,7
90671,0
83832,0
43618,6
146168,7
147961,4
47391,2
68062,4
69326,0
94710,3
128269,7
90220,4
105254,1
77553,0
145616,7
93628,0
42019,5
105598,7
77605,3
92986,2
47183,3
42415,0
150475,3
110507,3
68401,3
104217,0
107463,3
62368,5
94738,6
42670,0
44964,4
104247,7
127489,5
105331,6
147361,5
46580,0
125283,6
127087,5
128605,3
47813,3
126818,5
77815,3
77057,4
67386,7
129341,0
45779,4
94113,3
82481,4
81740,1
146117,6
45124,1
110570,5
124317,1
108728,7
82492,0
91276,0
68305,2
108621,1
81433,4
105871,4
89781,5
84072,2
46974,5
42861,4
108739,5
95107,1
127261,4
110918,0
128153,1
125456,3
45391,1
104961,0
75821,7
124050,7
69982,7
124090,2
69590,2
95759,2
69025,1
81813,6
47244,5
67824,6
108088,7
76206,4
90194,2
44819,7
105336,3
148928,7
124501,4
67054,5
60911,6
149666,5
68335,5
62445,5
69154,2
68850,5
95918,4
44899,0
68365,7
124175,1
69986,1
83864,3
146285,2
146720,1
127752,2
149904,5
95501,5
104300,6
47847,7
89451,2
148075,3
145971,0
61568,2
90729,1
146975,0
92963,3
107125,7
105221,7
61065,5
94358,1
62622,2
127816,2
47766,2
109628,0
43351,5
46058,3
67124,6
76452,1
145151,4
146684,5
81415,1
145429,7
104701,2
105424,6
76560,2
47967,6
124829,7
127054,6
104930,5
129376,1
43052,7
103497,3
110620,2
108378,4
147431,0
89055,1
67012,2
90162,0
104275,1
93279,2
84146,0
47953,2
76844,2
94782,2
129702,4
106451,2
80846,2
107541,4
150058,3
75629,4
76399,0
83662,7
146462,0
67825,3
83239,3
123843,1
77260,3
148914,7
110153,6
145789,5
90998,0
68400,3
89937,2
69619,5
145972,4
148641,6
46908,0
62295,0
43171,2
107683,5
105429,0
104461,0
62615,0
89962,6
89046,6
125175,1
109278,7
46340,4
104894,3
43504,1
125399,5
76174,4
104039,6
94445,1
103802,0
89263,0
149236,7
108805,2
110911,2
110987,3
95026,1
94425,1
108874,0
93717,6
151392,2
150119,4
69218,4
69658,7
105152,1
147504,2
108795,7
128092,7
44905,7
42519,6
76082,1
67814,6
89739,0
77215,0
43644,6
47602,1
149919,7
47007,7
108377,2
148361,0
44932,3
45511,3
43430,2
69731,3
109297,5
46021,3
82037,1
77720,3
108411,3
61028,0
107169,7
82963,3
77888,3
145352,7
111102,5
67518,2
129058,7
46809,1
104330,4
61678,4
150829,2
45392,0
62199,2
67029,6
69187,0
89248,5
67848,4
129165,7
146772,5
104350,3
88919,0
81266,3
45056,5
110749,7
43401,2
47304,0
129576,7
62375,4
43846,6
127130,5
68796,5
151223,2
45667,0
75812,4
145988,7
42985,5
124394,0
150560,4
129534,7
46200,1
105188,4
47542,5
76752,6
106286,7
45618,5
90075,7
94380,2
103824,0
68266,1
106052,4
109031,6
44930,0
83974,1
123636,4
47205,6
77146,7
124731,0
105907,5
42460,2
61426,7
47872,5
47400,6
94030,1
92971,1
47193,2
128424,1
110914,1
150586,0
91175,3
84051,7
123443,3
94009,2
46962,7
89574,2
80899,1
104361,3
91182,6
111107,7
91420,5
45394,7
126630,0
146536,7
146711,1
150120,4
150757,5
128661,5
125350,7
45503,4
90204,2
77646,1
42195,1
90583,4
46102,0
93714,4
77091,6
61935,3
62208,0
61546,3
47923,2
90252,3
126576,2
95910,7
124216,2
67514,5
90009,3
62826,1
106324,1
69872,7
68254,5
123311,6
45003,2
127833,3
146589,3
111038,7
62647,7
150177,7
95672,7
128620,1
67424,4
60890,4
46788,0
68951,6
123387,0
109607,2
83968,0
129225,5
107032,5
145229,5
104991,0
149850,7
150155,3
68050,5
123995,4
62165,4
88853,7
88788,4
129226,5
77509,6
62594,7
94318,7
75790,0
62085,2
94844,5
44044,2
127083,3
68081,6
109217,2
66953,0
82822,5
96004,1
45019,3
90170,4
111203,1
45235,0
76011,5
146231,2
68638,2
81908,2
42308,7
83369,0
110467,7
107971,6
69881,4
69255,0
103435,7
103735,5
129955,3
46689,5
83566,6
125225,6
103797,3
103726,3
149879,5
103458,2
76682,4
93281,5
104784,0
80941,2
62765,1
123386,3
76788,7
47136,4
127531,0
148936,7
148397,6
90142,2
96574,6
93736,5
104989,7
145632,7
104111,3
42639,2
149238,5
103570,6
61948,1
82137,7
145291,2
42129,5
61009,7
93133,3
78011,2
93200,2
45495,4
128663,4
109781,1
145585,0
148384,2
149324,4
111193,4
146204,4
43573,2
67423,7
108236,1
46642,5
104149,1
128442,4
146090,3
129212,2
148586,1
77562,0
77118,3
146171,3
81825,0
126861,7
43634,5
150239,5
82639,1
94699,1
107784,4
93940,1
43763,6
89677,5
69069,4
62617,1
93435,3
69607,7
84095,4
109818,2
82832,2
42554,5
146399,2
108280,7
128694,0
76684,3
77088,5
77282,4
68938,6
103943,2
104672,7
95205,1
94768,1
149015,3
129829,1
104597,0
83115,7
149759,7
149167,1
94142,2
92866,4
46341,5
148146,1
124055,0
84022,2
93410,6
150001,2
148635,4
107133,2
128338,0
61454,5
76118,4
148859,7
104621,4
47353,5
69721,7
94413,7
43861,1
82594,6
103744,4
93324,6
108742,2
95429,7
89170,2
90620,4
61674,7
127735,5
89822,6
149665,1
61312,7
148683,1
109405,3
94563,2
150939,7
128862,2
77754,6
60970,6
42882,3
81198,2
77406,0
150218,4
105032,2
108444,7
146047,0
42971,3
43219,5
109148,2
77972,1
77301,7
125472,5
147032,3
61924,3
150702,1
66947,2
43934,0
146510,4
128115,7
68860,1
61452,5
110906,4
47580,0
61257,4
43609,0
43420,7
110325,7
61673,7
45599,6
104641,5
83244,4
147511,2
44798,5
82638,3
106012,4
107080,5
124927,7
45885,4
104105,7
150672,6
110909,3
61845,2
146596,2
149786,6
127860,1
125222,1
150401,6
82296,6
46302,0
106098,2
80560,4
45395,6
124896,6
61245,3
104602,4
149697,4
44967,6
127854,2
96547,1
146412,1
149532,2
60958,7
129875,0
108759,4
69792,6
46138,1
81511,7
61792,2
123971,4
92738,0
103518,7
47435,6
60976,6
149368,1
82636,3
94178,2
95320,0
68005,4
124356,4
89144,2
125062,1
47647,5
109952,4
80709,6
146786,7
94208,6
150399,4
75596,4
76629,7
128728,1
77163,3
47796,7
125181,4
62250,5
146575,4
81632,7
146706,5
129723,2
148263,1
109692,2
62391,0
46953,1
89212,3
90054,2
76894,7
90836,5
90442,6
44033,1
147162,1
104634,6
104106,2
125320,4
94637,0
93399,1
108607,2
43639,5
46342,6
149450,0
145725,6
104080,4
43645,0
125077,2
124244,7
67983,7
77954,1
81488,2
81445,5
43243,4
149830,3
88725,1
69753,5
123446,6
62348,0
66927,1
94489,5
127049,1
60883,2
123380,6
110583,6
92890,1
128935,4
105272,1
68248,7
62806,4
94830,2
108330,3
125121,6
62335,6
45609,5
129629,1
89297,0
83304,1
124926,7
94149,1
148072,0
90149,5
46251,4
62735,7
80838,1
128276,1
148749,5
77608,6
68224,2
94945,2
81816,4
62539,5
124414,6
76919,7
76326,7
75780,4
47376,7
76525,1
149836,4
42131,4
123929,1
150063,0
68720,1
111039,3
145641,6
45666,7
105839,7
147929,4
128024,5
77827,5
76554,3
104008,4
80766,3
76587,2
90272,5
104899,7
43358,1
76292,1
70029,2
68993,4
62233,0
148305,7
67753,1
128082,3
68635,1
90323,3
80885,3
149918,1
67321,2
61403,0
128059,0
147187,5
93192,2
107731,7
61758,4
94443,0
124702,4
103747,2
104920,2
92871,6
126794,0
76204,6
62771,0
127307,3
83682,4
129891,1
84053,4
110766,2
111063,1
83515,7
109766,4
81507,3
93889,4
81499,5
83928,2
61303,2
147441,7
145171,0
105704,2
45487,5
127283,0
126898,1
83327,3
145750,4
147499,4
109910,6
105534,4
128277,2
61149,4
145318,4
108555,7
43330,0
92962,1
105864,3
93443,7
95207,1
90396,3
108413,4
81136,3
104279,5
67813,1
129486,4
125340,3
76871,0
46100,0
67075,0
107964,4
68680,3
42200,0
66995,6
90374,2
77812,3
148737,2
61756,6
128981,3
82181,5
61872,3
149536,1
42752,0
150385,6
96344,3
145901,6
93903,5
68319,3
84130,3
61587,3
47625,2
61309,0
127577,4
127021,4
150978,0
90259,6
105450,4
67185,2
148964,1
69927,1
123820,3
109626,2
77913,1
83319,4
127217,7
62191,7
149181,1
104298,1
45832,6
95976,0
46142,0
44880,6
108261,6
82020,3
150901,2
147144,2
45258,7
110922,3
90529,3
43942,3
43660,5
62087,6
80923,1
110105,6
76346,4
43195,2
129215,3
125179,1
129178,1
45612,1
127047,1
147821,5
43352,4
77970,0
45106,7
81910,5
82794,7
110603,2
75560,2
146293,4
149506,0
81418,5
149766,2
124636,3
96108,3
128238,0
61746,0
45776,1
89168,6
148329,1
80633,5
67511,0
104220,0
104510,2
89928,0
81566,0
103847,7
124766,4
93668,1
110494,3
45543,1
149376,4
43873,5
69377,2
147492,6
61032,6
67942,5
43254,5
127246,5
90882,4
43275,0
66959,4
110106,5
127910,0
103753,0
46196,0
89815,1
107027,3
67085,0
94426,7
77058,6
42026,2
46308,3
123366,7
43953,0
68611,5
123666,1
149636,3
150963,3
46821,6
42370,2
150869,4
107257,4
91269,0
46184,2
47605,7
109299,5
45628,6
93274,4
75954,4
60776,6
81330,2
68129,7
109909,4
90502,3
146326,6
105133,5
61988,0
89327,4
80997,0
61123,7
103970,0
94549,3
149042,0
61210,5
107564,0
127665,1
147336,1
148312,6
110758,2
127199,2
103912,3
150271,1
94807,5
81256,1
46447,0
77727,2
77667,5
150325,1
77832,1
90926,7
90020,1
46988,5
67795,4
128648,1
75997,0
67435,0
81297,2
67011,5
46998,2
68751,5
105670,5
42564,1
148733,4
62614,4
123804,2
42421,2
150492,6
67594,4
90897,2
103748,1
107556,5
93855,0
109782,6
148849,4
68377,3
94278,4
127516,6
80860,3
151415,3
77303,1
148375,1
61427,7
42059,2
95696,7
146777,1
83572,2
93807,1
69136,3
46929,7
83256,4
83354,7
68473,7
88933,0
61280,5
127292,0
75892,3
89572,2
105664,1
82004,4
108153,6
150226,3
123552,6
146568,4
96327,6
81073,2
94963,5
149374,1
41982,3
104158,6
108379,3
47789,5
124760,6
150565,1
77238,5
81089,7
81374,2
110993,5
107047,0
45901,5
145548,5
68510,0
145622,5
61264,3
123442,0
147453,2
81940,0
92814,5
128614,2
46358,6
103383,6
146800,6
46541,7
150818,6
107445,4
106022,2
82776,0
93641,1
94562,0
94643,2
67196,4
77056,5
68550,6
81669,5
96021,4
94631,5
105596,3
77996,2
103659,2
148704,7
150704,1
105645,2
149597,2
109334,6
145816,6
82146,6
90113,3
45960,3
111067,7
61911,0
124942,3
62725,0
151281,0
129150,7
42858,1
89392,5
151435,0
124318,4
128914,3
90390,3
146989,1
43515,4
145913,2
125248,4
104321,6
44810,5
80898,4
94849,0
83288,7
45167,4
84015,1
80522,1
151078,3
45290,4
90365,4
89819,5
146266,2
145232,2
123707,0
106398,1
127412,3
67170,1
89012,3
90116,7
80967,2
67202,5
80734,0
45073,2
108920,3
76997,2
68452,4
42470,3
69082,0
92757,6
76519,1
128807,1
149760,6
62467,6
150892,1
93499,0
76981,2
81028,7
47452,2
105612,2
47024,1
45980,4
107512,5
145801,4
91176,5
88923,5
68427,4
107188,7
62023,1
62844,1
148259,3
107406,4
68684,0
62705,6
147936,4
94999,3
146880,3
124650,3
43963,1
46880,7
127171,5
146925,0
148363,2
106336,7
149576,4
68549,7
95261,1
83110,4
124658,1
82041,3
76095,4
147341,0
146269,1
109220,1
104269,5
106259,3
45149,2
145882,1
76674,1
108850,3
150813,2
149807,0
104802,2
61665,2
67597,0
47973,2
62686,5
127673,4
45884,1
145279,4
107045,1
93382,2
44843,5
125162,3
82575,0
109200,2
89775,3
69070,4
62034,6
104889,5
123327,6
82078,0
68214,5
76648,6
148678,6
46369,6
83816,6
128963,3
94286,5
124792,4
82515,2
146850,6
43248,5
150563,5
124399,7
96356,0
124904,3
145928,4
109789,5
124558,5
129319,6
89878,7
147349,4
110853,7
81348,1
123574,1
94884,5
92980,3
75704,2
108093,5
89108,7
149257,2
46472,7
84082,6
84131,3
67294,7
45214,4
81019,4
47087,0
104119,7
82723,2
149940,6
46020,0
47384,6
105952,6
147086,7
77092,7
77900,6
47351,7
92886,5
105657,0
129217,0
77940,6
47060,2
61928,7
90270,1
124580,3
104032,3
147324,5
67108,5
148555,3
128167,5
47533,4
81186,6
60867,7
96322,4
125093,4
76964,1
109563,2
69492,6
45350,6
149392,2
103841,5
45910,1
43292,5
147820,6
145772,6
82366,3
127257,2
68334,5
148770,1
76910,0
127797,6
42125,1
61656,5
91308,4
125345,1
47981,6
68649,5
77601,2
129790,3
61089,5
123659,2
76009,7
93048,2
62867,6
94503,7
89281,2
106073,7
61808,4
89514,6
95732,1
105783,6
125426,2
106174,0
111177,2
150170,1
68462,2
126766,3
92767,2
108646,1
127400,0
105627,7
109066,2
123419,3
127052,6
83726,3
94493,3
93349,2
107551,7
43998,4
42116,5
67528,3
42054,1
104870,6
61671,0
83892,4
77797,3
68858,2
106086,1
147374,1
43999,2
42443,0
75784,1
105442,3
127403,7
43576,5
107468,5
104114,4
109579,0
62782,6
89095,6
47248,3
43390,7
67450,1
76687,7
47137,1
46711,5
83941,4
46972,1
150934,3
149966,5
96487,0
81747,3
82255,2
68060,2
45895,3
110405,2
83784,1
45209,0
123642,4
61382,0
46059,3
110483,0
69033,2
90411,2
90325,5
128131,3
82743,2
67138,5
91361,7
110421,6
108206,7
69362,0
68318,3
129758,5
69403,0
44999,1
108997,6
46605,5
68669,7
43208,2
45180,2
145416,5
149304,4
67129,3
105902,2
103984,6
89225,3
145424,4
146562,7
128460,1
103844,4
148871,5
127382,6
68605,3
89145,3
147276,5
104856,1
77737,6
45699,5
76825,3
108631,3
90938,4
45452,5
129508,6
45207,1
146544,5
151045,5
75647,6
94217,3
43498,3
90415,4
76857,1
124367,3
149584,4
76588,4
81373,1
81828,7
67969,6
127938,2
148939,5
66937,5
104669,1
46938,3
82641,7
81460,3
124240,0
146474,0
123501,7
77837,0
106338,2
47767,4
67877,3
107367,1
107873,3
108537,7
77177,3
105674,3
149455,5
107328,1
109867,4
128266,6
110194,7
124236,7
127718,4
146819,5
62110,0
110904,5
123349,0
43172,5
128608,7
94998,2
69075,3
127068,4
82284,5
76731,7
81856,4
106330,2
80569,1
60825,7
105945,6
104317,5
75978,3
148680,6
77494,7
83730,4
150931,4
104980,4
43592,7
91356,7
146618,1
94299,7
125352,6
147226,1
108478,7
149361,4
145501,5
107301,2
145264,1
90347,1
43235,0
93268,7
106111,5
95648,2
67456,2
104323,7
82468,1
43467,2
46510,1
147423,2
109665,6
90733,5
76107,5
62554,0
93752,5
125117,5
146315,0
62243,1
42367,2
110555,6
105302,5
124473,3
125131,2
92919,5
128439,3
93215,1
68517,6
106239,5
67097,3
107891,7
46370,5
95182,0
111157,7
104573,1
89384,6
105356,0
68828,0
125211,3
76722,6
80930,0
69321,6
108934,0
105419,3
129129,4
47284,3
151142,6
149941,6
69952,4
148621,7
147428,4
124865,3
145606,7
61707,4
75581,1
42436,2
75883,7
90160,3
93204,7
96044,0
88746,6
127887,0
90586,1
123948,4
60830,1
107311,3
127931,2
45996,4
127924,0
110380,1
108301,3
60837,7
110296,6
83803,2
103798,3
69055,7
80937,1
124888,4
96266,3
69906,2
148893,4
149296,4
82299,3
147497,0
128864,2
46329,4
44047,6
83026,5
109644,4
109804,2
89033,5
43449,3
128624,4
47839,3
109987,2
81367,0
69947,7
92998,7
146470,7
68153,2
67278,2
124037,1
124930,5
124568,5
109157,2
61387,3
145382,7
150601,7
67574,7
46882,3
149809,3
150777,7
105533,0
96215,1
89930,7
123680,6
149801,3
106263,5
76262,3
147343,1
147106,7
151238,1
83257,3
47774,2
76341,1
106198,6
95726,4
108060,3
75530,2
149935,6
129855,6
77330,4
92808,1
109245,2
91315,1
42132,5
126701,4
106427,4
147154,5
150580,2
106412,7
124585,4
47700,4
62825,6
107079,4
145806,1
103818,0
75549,1
129294,2
151269,3
148213,0
93703,5
111122,1
129894,6
146588,1
75539,0
149300,4
96526,1
75740,4
105820,2
90682,7
149699,6
62645,5
82985,5
44979,7
146981,0
80944,5
90685,1
107008,5
150593,5
77233,7
146282,3
67999,6
110926,7
76479,4
77123,1
127156,4
47444,4
91235,0
83189,2
68727,2
94525,5
95199,3
107276,1
91234,7
90813,3
80585,7
104488,2
80555,7
91442,0
124072,5
90301,4
147464,4
45339,6
128816,6
76188,1
69817,6
93547,2
84127,5
92967,6
107877,0
82394,0
67330,5
123701,6
129214,3
93426,6
76474,5
151015,5
108773,6
105787,5
126923,3
128284,0
83242,4
147262,6
151230,0
107728,4
128725,4
80650,4
149222,3
42270,5
104454,1
68192,2
104308,6
67214,5
61862,6
126977,0
104457,1
110414,6
93012,7
67752,2
124254,2
42364,4
96210,3
90712,2
106043,6
105739,6
42499,5
104043,0
124924,2
47253,3
145167,0
82958,3
150832,5
61113,5
146537,1
81286,7
146482,4
75616,4
68502,7
125008,4
84063,4
147103,1
62623,0
95259,6
95713,7
43169,0
47260,2
61092,0
46797,3
110218,2
146349,7
43541,3
47409,4
42265,4
61146,0
77240,1
151391,5
127741,6
107671,6
111142,3
45208,7
94190,1
124745,6
147406,7
126633,2
81134,4
93475,1
107072,5
107289,0
146423,0
145195,2
61324,2
44847,0
146363,0
80748,5
82278,5
81897,2
44863,1
146289,3
61981,1
150225,2
47474,1
46479,4
128037,3
106097,7
89772,1
42978,5
82778,5
42174,6
91349,0
69842,4
82464,2
67836,4
125237,6
68583,0
61131,4
123273,7
146554,7
76157,0
94403,2
75893,3
77362,4
44958,7
75970,1
68920,3
110292,3
94205,3
76717,1
124136,7
96481,4
80942,4
110975,6
67643,7
104556,6
82675,1
93211,1
42702,2
148622,6
43950,4
62088,7
42880,0
145757,3
46402,2
125057,1
47714,5
81169,2
42601,2
94389,7
105273,5
104335,0
106020,0
89530,0
148474,7
77264,4
149657,7
62120,7
128843,0
90810,2
94989,7
126639,4
150571,7
47561,6
67228,3
89527,0
89736,1
105051,5
47754,5
67648,5
75504,3
88796,3
106199,5
47030,1
90978,1
128945,5
107353,5
128571,4
47233,0
103932,2
81346,2
89241,4
109229,2
124095,5
145982,6
47037,6
83918,4
43240,0
106019,0
93724,5
76450,7
106075,1
103964,6
83793,5
149898,2
95569,5
107252,0
89038,6
94705,7
76657,0
67751,1
107655,2
83300,7
42217,3
42041,1
42994,4
67837,3
47566,2
126648,4
93657,1
62099,4
123973,3
93923,7
47438,3
45873,1
82243,3
95191,3
125392,5
128943,3
96349,3
89296,6
95242,4
42278,3
127282,0
45800,2
124475,7
123760,0
62509,0
145680,5
103857,5
104845,6
146983,5
60985,4
67766,2
124419,2
42540,3
61423,1
96585,6
89334,4
126647,4
123862,6
149782,6
46683,5
62419,7
110712,0
128449,7
45533,6
148297,7
47484,3
46246,4
46081,2
62553,7
83051,1
83596,5
67190,0
92750,5
46125,0
76041,1
67126,7
43764,3
126708,0
125318,7
61129,6
62585,5
148381,7
89466,5
94851,4
76052,5
129602,4
146265,1
89130,3
150284,3
69373,5
67960,2
67821,1
127559,6
81516,5
69178,3
90037,4
67778,1
108641,1
42703,5
60938,6
42017,3
88817,6
129286,2
46873,5
145175,7
124218,2
145285,5
95661,3
83066,3
83700,7
61021,6
66978,6
124176,5
80619,2
124710,5
103913,5
77590,6
127574,3
124246,5
69017,1
91232,0
107487,4
110738,4
83224,7
83540,3
82508,4
104565,5
110790,2
110169,6
109948,2
95201,2
67780,5
103504,3
124975,0
150942,4
96512,1
129755,6
90902,3
92740,4
81093,3
42901,7
62823,2
46399,5
68154,1
89044,2
148240,2
106006,1
83510,0
105915,6
106163,6
82309,1
83371,0
83308,3
96139,3
92892,2
105637,0
61971,1
90798,1
124954,6
105691,2
76658,5
147363,6
108295,4
76921,4
92755,6
128236,1
150562,2
68423,4
147369,4
81103,0
80639,5
80526,0
75669,5
91332,3
82539,1
80728,0
128766,5
90608,5
129984,5
82311,2
107234,3
149796,2
69243,2
107259,4
90207,7
80707,6
77239,2
147233,5
147910,5
82348,2
126555,5
95426,6
123531,6
147077,1
77552,6
150613,3
91006,2
47911,3
80511,2
108491,2
46237,7
67128,3
105268,6
90329,3
104083,7
67678,5
150014,4
83980,2
148354,2
77343,3
125123,7
44934,4
81247,5
77397,3
82949,5
46780,3
43007,3
82113,2
124023,0
90271,5
95725,4
82364,0
145252,5
82401,6
61320,5
95810,4
104474,7
123284,2
110671,2
81446,3
80505,0
70020,2
105320,0
90632,3
61525,2
109630,1
151187,2
95674,5
47969,1
108561,2
42706,7
147912,3
67060,5
91264,6
60954,2
107024,7
77559,3
60907,7
47025,7
81719,2
127610,2
103940,0
75965,6
107338,4
88920,1
81528,6
43828,1
83624,7
44851,7
93095,6
69387,7
61895,4
43371,2
94058,3
43527,2
105782,1
148801,2
69107,2
42171,2
108945,2
90236,3
75674,2
125003,0
91160,5
108421,2
105372,2
108170,4
76836,2
107191,3
42294,2
76396,4
111147,0
41996,7
61053,1
108300,5
150867,0
45398,3
78004,7
76498,1
108254,3
46658,6
150887,1
150951,0
95727,5
76909,1
126664,4
95586,4
89668,7
90321,4
127694,6
69845,6
145960,2
128144,6
148132,4
127709,7
127107,5
103856,7
108830,5
145974,4
76411,6
148349,0
83514,2
82172,3
43026,0
104389,1
43534,5
146977,3
148323,6
95516,4
69998,3
124649,2
91209,1
77538,0
93552,5
145179,5
104689,4
108581,6
108658,3
89902,5
46294,2
103716,7
67555,4
62815,6
129689,1
123569,5
69603,3
105684,2
82489,3
90714,6
95974,6
95565,5
69215,6
110739,4
93451,2
107049,2
92944,7
94209,2
43905,5
110122,6
93965,0
62303,3
82536,7
81984,6
61020,5
82173,2
148085,2
47555,2
95909,2
45199,7
110428,3
104223,7
62515,7
104405,7
68380,0
104501,1
42941,6
75913,1
68455,1
150778,3
78006,5
82788,1
145747,0
104016,1
75879,2
105193,6
90211,6
42202,5
43825,7
126998,5
42110,2
128646,6
60778,7
128959,2
109666,0
44949,2
105480,6
43036,7
110135,3
103538,5
83609,1
61694,0
147383,7
69610,2
146852,4
61655,2
62121,5
46219,3
105614,2
67890,6
47685,5
45949,2
108018,5
90929,2
43131,2
83435,5
62587,4
91129,2
127666,7
123990,2
42178,5
107539,4
123638,3
148353,0
75900,1
61340,1
110085,0
93650,2
76465,2
95797,7
82177,6
68448,3
110496,3
75727,2
129157,2
61075,4
62084,5
82295,4
126752,5
104921,2
45026,1
42130,5
75917,0
127636,7
82735,1
43237,4
76564,6
96002,6
109791,0
109452,1
91243,4
95669,3
67439,2
75550,3
76165,0
45318,3
105091,6
123854,5
89158,1
82345,1
150572,0
94596,4
128336,3
62251,7
145991,4
105790,4
145797,7
145890,5
47380,6
129408,6
123570,5
92785,4
82546,3
62469,1
76610,7
76548,0
146907,3
107527,0
151299,5
75627,7
61031,5
125135,7
105866,4
83094,2
129560,0
127481,2
60781,0
146443,7
44045,3
76372,3
109448,2
83770,6
123964,4
91267,1
145790,2
124302,7
90315,1
76482,0
106309,7
75858,0
68289,7
67767,1
126872,5
68262,1
82889,2
150270,7
108011,3
77527,1
46317,0
83919,1
109934,0
148989,1
42030,1
145331,5
47346,5
148093,5
147345,4
124971,2
77778,3
128904,5
103870,6
45272,4
128930,1
88951,0
61776,6
150954,0
146889,1
127640,1
150102,7
77209,1
83113,4
42079,6
107501,7
127057,3
148265,6
104658,1
46045,2
61690,7
108388,5
47858,7
109869,5
81909,0
45810,3
107428,5
125373,1
90097,2
61878,1
147053,4
76803,6
82830,2
94157,6
105386,7
128248,6
42636,0
82450,1
148638,7
43000,3
62345,2
147136,6
76807,6
44977,3
90025,4
69774,7
90429,6
95952,6
61848,1
47522,4
94048,3
109505,2
127306,3
148833,2
129827,2
90741,0
89411,4
109674,6
77988,0
82419,1
151328,3
61505,5
94074,1
89272,6
150825,2
150540,0
69406,5
110145,6
111050,3
83547,1
76359,1
96542,1
148076,3
42558,4
47529,0
106143,1
107497,4
105413,6
129278,3
68404,4
106986,5
105985,4
150195,5
148535,3
91091,6
90118,1
83501,1
146817,5
62504,1
128589,5
104000,6
68370,6
81132,3
148784,7
107914,7
83430,5
148803,6
150721,0
80768,7
82251,0
80896,3
47190,1
128968,6
110784,2
82483,5
128825,2
77823,1
67614,5
83907,1
128650,3
123456,6
80909,5
47757,3
93323,5
43533,3
67091,7
129925,0
83707,6
82112,5
151226,3
76922,2
80503,6
46928,3
107055,1
124117,3
104923,3
76884,0
145985,2
111009,7
81944,6
67076,7
94687,1
67797,5
81911,1
43386,2
69059,3
128645,7
90659,4
47210,3
129381,4
127417,7
103799,3
96367,5
106072,7
129233,5
60789,1
68537,4
41997,1
95447,3
75505,7
103414,6
148577,2
75935,2
46828,2
83927,0
148289,0
110450,7
109506,3
145618,7
126714,1
91287,1
129114,3
147962,4
110460,0
89987,0
146421,2
93558,6
146360,7
61154,2
94433,1
76442,7
125155,0
126737,2
81902,6
62538,1
148221,1
109478,6
146457,1
62472,2
95451,4
69238,6
68574,4
146170,1
83318,5
90256,6
80791,1
126764,2
150023,1
126587,6
45342,0
84060,7
108659,3
68419,0
147338,2
149457,7
93887,6
82970,6
125214,1
90423,7
68454,3
44962,1
146664,1
109503,0
82774,7
82885,5
103722,7
108350,3
106236,3
77036,0
103588,0
149685,3
123382,6
93872,2
47743,2
46371,2
43514,1
91010,5
124083,6
46612,7
104770,5
61319,4
69030,7
62206,0
76619,4
146203,7
124541,3
83055,7
127871,2
146218,7
146192,3
108332,4
106011,5
149783,2
145650,6
128606,1
145819,3
82861,1
61956,5
91045,6
42497,1
95907,6
125466,5
89547,4
151091,5
76645,2
146942,4
47392,1
124978,3
45222,3
91066,6
109959,2
104322,4
62044,5
62722,5
68525,3
68703,2
109859,2
96316,5
82925,0
43318,0
125293,1
109829,2
107969,5
68488,5
148574,7
83015,3
149734,3
81051,1
95438,0
146734,3
45013,2
150342,3
45757,6
127999,1
47988,1
108137,4
146505,4
88984,1
80669,4
95093,7
109098,7
128304,6
110062,3
68936,1
68542,1
104956,6
81274,6
129532,4
61650,3
83760,6
90669,6
95813,7
124137,2
80914,4
80954,0
90911,1
43491,1
96590,3
42821,5
149201,2
83529,1
124495,6
82708,1
148154,2
107690,2
124195,6
76338,6
127922,1
93180,6
76761,5
89226,2
67633,2
125407,6
89957,5
127904,3
77136,2
148633,2
75829,7
123920,0
91231,5
104123,3
69457,3
146995,1
150583,6
95783,0
93666,4
127672,4
92906,2
76828,0
67604,1
42759,5
62399,0
127210,7
150107,5
105725,7
149546,7
44990,7
69152,5
46291,7
89502,0
146891,7
103892,4
110924,0
76042,4
67273,5
67504,7
105291,4
107185,5
69651,5
124695,5
129459,5
149357,1
108251,7
68291,0
81512,0
123329,1
103698,5
129474,2
129268,0
82073,6
146224,2
88897,5
147473,5
127907,0
95803,3
129506,5
108360,2
81253,4
91372,1
93346,7
105275,3
61459,1
76829,2
68107,4
125218,7
91179,7
47882,7
148433,6
109947,1
145213,2
95961,6
104385,7
67826,4
95252,5
106282,3
69305,4
146080,0
146573,0
90186,4
77376,3
69675,2
88978,1
127394,3
47534,4
82266,3
82324,2
96212,4
90876,4
111145,1
96214,2
77242,4
107593,4
95503,7
128673,1
81764,0
45064,3
109480,1
105750,6
45987,2
151137,4
60866,0
89063,0
46397,4
110217,0
104886,4
81538,4
89433,5
129182,6
70038,2
146305,6
77025,0
42467,1
45004,2
123730,2
76516,3
127542,2
93334,1
82182,6
95482,1
150464,4
129863,5
110614,2
123943,5
67899,4
83107,5
82869,0
104431,6
95687,0
47058,2
80852,6
105708,4
127340,2
109813,4
124713,3
42842,7
90424,3
92858,1
90264,3
105401,7
68709,0
68167,6
42209,0
148330,1
107165,4
150918,1
129050,1
77993,2
150490,0
150632,4
108533,4
81437,1
104686,4
69679,7
77973,3
150056,4
145707,3
128744,2
108697,7
90788,5
76911,7
42409,4
110331,7
129920,4
67106,7
124531,0
42087,0
104800,7
82154,0
61581,2
47545,1
148249,3
128012,5
148549,2
61757,1
103893,7
45986,6
146392,2
42090,2
147797,0
151185,5
76773,3
105341,1
146723,0
103978,4
45608,2
68797,5
45864,2
43381,5
109973,1
76043,1
123751,5
62176,5
128734,5
109016,5
123545,2
145688,1
68362,0
105081,0
109749,7
81294,7
105911,7
93509,7
93883,2
151297,1
67082,5
69739,5
42812,7
146313,1
44034,1
82469,7
76824,0
104208,3
83306,3
75905,1
46562,5
89899,3
68279,7
150024,1
150435,7
106314,3
148207,7
124556,1
62038,1
96280,5
42463,3
62274,1
42264,3
84094,2
124450,2
81681,5
93208,4
43440,0
103898,7
129011,3
89420,4
129227,2
123944,1
69420,3
46346,1
69506,3
75785,4
108065,6
67431,1
129270,3
108458,2
69487,0
92888,5
149748,5
105509,6
76333,5
127122,0
104448,4
69765,0
105880,7
67457,2
43459,1
150705,1
146760,2
91099,6
93530,0
106305,1
94679,7
145132,1
151224,1
124732,0
76892,7
83507,5
109901,1
62663,5
127683,4
127042,7
62462,4
128987,0
46701,3
47109,2
77959,4
75723,4
89816,0
75668,6
43662,7
46691,6
81002,3
110181,3
89113,0
125233,0
69695,7
83328,2
107115,4
61283,3
45742,3
109996,6
81585,1
42692,3
82222,7
96580,0
46999,0
82209,5
123439,4
127514,5
67703,5
107935,7
84003,3
80521,6
77423,2
46415,5
129087,0
95668,0
105813,7
150259,0
106389,5
127441,2
75666,6
45210,0
125317,2
45169,2
110038,7
105001,2
45051,4
124243,7
110356,6
107480,7
62167,5
43767,3
45135,0
69343,0
82911,7
110001,5
103576,5
82246,7
108525,4
147168,4
123692,2
67886,2
45077,2
145992,0
69566,0
82891,3
77839,7
62693,2
106184,3
103773,4
88767,6
105104,2
96439,3
68282,7
47229,7
147124,5
43765,1
145134,2
146202,6
61430,3
67145,6
62270,4
109962,4
76194,3
77911,4
104219,5
111268,1
145220,4
148267,3
149454,1
67976,7
146085,6
42565,5
123677,0
105194,4
106431,1
127037,7
127929,6
103703,5
128761,4
43082,2
68465,6
89085,1
95587,1
106186,0
92848,0
89947,3
61800,7
45932,4
83822,2
105646,4
67084,7
110282,1
43304,3
110198,1
147125,3
67300,4
94261,5
76775,5
61385,2
83938,3
148316,5
103921,7
103558,6
45359,3
90696,7
76375,2
76161,5
84081,4
105631,2
83805,3
77116,1
61190,7
105395,4
150046,1
126616,6
123567,7
90190,2
126738,1
82320,6
107288,2
128993,4
82216,7
68046,5
151007,6
146382,4
95884,0
128928,7
77150,6
80966,5
148234,0
124755,1
75544,5
125048,6
92868,3
124298,4
90559,1
89210,7
61827,3
76144,3
146123,6
77048,6
94254,1
67316,5
61937,3
128949,2
45763,4
43114,4
84021,6
129756,7
61599,1
106153,6
91137,3
107789,6
109124,3
111265,4
107860,0
146444,3
129922,5
146884,5
151029,2
77877,5
129084,3
76520,4
127059,3
82080,6
128141,5
108535,7
124529,7
84142,3
147508,3
42287,5
93026,6
128143,4
62595,1
89624,3
68994,6
146243,5
43737,0
89728,2
148275,1
42312,3
67809,7
104780,4
148984,7
43561,0
96535,4
42372,2
127614,1
46249,1
109283,2
83877,4
94750,2
77856,4
89733,0
43655,0
42233,1
45151,1
77750,3
62077,6
68446,5
69231,5
129290,2
124205,4
82445,2
43815,3
108043,6
77528,6
69549,3
93809,0
83259,7
83046,5
110382,4
90346,2
62196,1
107420,7
45478,7
61411,3
109737,6
106339,4
110714,7
70026,4
46345,6
146658,6
109409,4
111076,2
127842,5
126526,7
69206,2
89671,5
81881,3
110925,3
149863,2
83270,2
90462,7
150932,3
123608,3
127010,0
45898,4
80757,4
129515,0
146118,5
46814,1
106169,4
92956,1
82787,1
106252,7
109704,3
62566,7
82134,5
108167,2
61842,7
42939,0
149469,6
103656,4
128064,0
46380,0
146970,4
146169,3
103697,4
95254,4
62222,2
128793,4
146104,2
90293,6
67984,6
94676,5
149578,6
109062,4
77655,6
47779,6
147792,6
68042,6
82451,1
110242,5
91043,3
90572,7
89039,2
146425,1
80625,4
105564,5
83038,5
109432,0
95940,0
127019,5
95700,2
45286,0
107373,0
123376,2
69422,6
61067,6
62019,1
81326,2
103832,5
146521,1
124027,0
77014,5
96341,3
128504,6
146549,4
124186,3
127466,1
149315,6
145740,4
109558,4
128198,3
129177,0
82761,4
110625,5
109069,3
69850,7
67637,4
76672,2
125206,6
90657,6
43837,4
126532,3
107281,3
94920,1
124005,3
88733,2
149557,2
90576,6
105392,7
146674,2
96036,0
83865,5
126805,3
42768,1
150914,3
83627,1
81465,6
106026,7
126754,7
108801,3
43955,5
42694,2
83528,5
61560,2
103966,7
104854,0
67834,5
145805,4
123875,1
150696,1
47800,1
150485,7
110862,6
150826,4
68815,6
149256,5
80905,3
42727,7
127571,6
67651,6
76167,5
146477,7
81102,3
151206,0
147935,4
42603,1
62055,2
43951,6
90381,7
105143,2
77624,1
151144,1
89946,5
77236,3
76038,1
145676,1
76606,0
124669,4
42780,0
93734,5
77125,5
77742,4
150354,4
42234,6
66936,5
109056,3
105788,7
66949,6
128233,1
75604,4
148639,3
145344,6
68073,7
44954,5
76826,6
81201,3
106230,5
89294,5
129617,2
76154,2
47876,4
81114,5
62673,0
105118,4
75641,4
69558,7
96078,2
75553,2
105639,0
106393,5
47180,4
69886,5
88932,2
128603,4
128755,7
82865,5
126712,4
96147,1
148160,1
128017,5
81924,7
67264,1
104720,5
83668,7
127658,3
69606,5
129391,2
95703,5
90890,6
68421,0
44795,7
103550,6
47287,2
67605,2
46682,0
146226,3
82570,2
60849,0
146856,1
45068,2
62402,5
41987,3
75781,6
45870,0
62703,4
146180,4
69159,5
92954,0
93096,0
127576,6
42465,3
47671,1
95300,2
76939,2
128353,6
75546,4
42126,0
107174,7
105969,2
67652,6
125402,1
127776,6
110530,3
107794,5
45031,4
81644,1
45475,2
46403,4
42850,2
108026,6
80689,0
105158,5
43135,5
129118,3
104642,3
45998,6
106159,6
105250,6
61782,7
151329,5
110834,4
43112,6
104426,2
150512,7
66992,0
82191,0
93075,2
148373,3
149926,3
128499,6
69213,0
151217,0
95035,6
95188,3
104779,6
123869,7
81866,1
76967,2
90532,2
105519,2
95452,7
88750,7
149886,3
69460,6
108015,0
42432,2
46304,7
95210,6
103846,7
93441,7
61329,0
89895,2
145581,1
104511,0
107354,2
90300,1
89076,3
90601,1
111089,7
105856,0
75933,2
43675,7
124691,6
89250,4
124098,5
89160,2
128193,0
148930,0
45978,1
61499,1
146513,5
124912,1
45141,5
82050,4
89503,2
68708,4
44013,6
47586,1
145600,5
147288,2
103839,2
82653,3
93408,0
147065,7
69670,2
69133,6
147924,3
150740,7
61126,2
61469,6
108294,7
110619,7
109316,2
128327,1
83600,4
81494,3
68956,2
45912,4
75673,1
43475,6
67188,1
124772,2
127423,0
82694,5
77348,5
69501,5
108229,2
111078,2
62437,4
69357,2
77359,0
77743,2
123592,6
89597,4
68582,4
88860,2
110791,1
148200,6
106113,0
44839,1
93016,1
76147,7
124611,2
90064,4
46168,3
46994,7
61647,3
43033,2
82395,5
129057,1
149082,7
42459,0
124765,4
105550,5
61688,3
124552,1
128046,2
93795,3
146439,3
69015,2
80879,3
44893,7
46130,5
81599,6
109871,2
62721,6
124714,2
47051,0
43756,3
61741,6
77855,1
146796,5
62173,4
95728,0
110271,1
44011,3
61497,3
67556,0
126958,7
149662,1
76169,2
47747,3
125000,4
76233,7
150111,7
75751,1
67467,3
69463,3
93663,6
148888,5
89318,1
70036,7
45007,7
68914,7
149092,2
77558,2
151104,0
46681,2
146712,1
150335,1
68861,2
68165,4
81467,6
150868,5
62316,6
146894,3
95453,0
148723,1
61900,2
124878,3
46939,3
150795,4
61177,2
106441,6
77062,5
104476,1
128762,0
150025,2
146642,7
96523,5
69180,5
103434,2
77019,0
67083,6
96018,2
91380,7
123291,4
128234,4
45243,6
69720,1
148039,0
92843,3
91089,4
148718,2
93197,5
42454,0
62707,0
42298,4
89323,4
61529,2
89923,1
43980,4
108401,2
77141,7
148676,6
124778,1
82249,0
146048,1
124605,5
109104,5
123336,2
123533,6
45500,1
81951,5
145287,3
148856,2
149968,0
93485,4
83472,6
123577,7
84139,4
77214,6
93160,7
123334,1
128881,5
68961,6
106410,2
95817,1
105667,4
104582,1
125303,2
146845,6
81027,5
69539,4
96251,7
128298,2
124955,2
47697,6
127363,0
105679,3
126826,4
92789,2
93256,0
109944,1
103690,7
148015,5
76088,4
108297,6
128683,6
81016,1
129349,6
107619,2
91245,1
125462,0
110870,2
127372,2
150130,1
107723,4
123613,4
67563,4
105936,0
124133,6
81863,4
145984,6
90487,3
123360,0
69081,2
96276,2
61820,6
77653,1
61376,6
68802,3
126730,7
129556,7
90844,4
145162,5
128279,2
125359,7
124657,3
108870,3
123633,7
149083,6
81544,7
83212,4
127968,6
61327,7
69867,4
111091,0
45462,0
106081,0
127791,6
69663,3
149093,6
107009,0
105587,4
128281,6
43867,7
93954,7
110300,4
90219,1
146620,6
123644,5
105147,4
68823,4
128515,5
145569,4
111237,5
68507,2
146525,6
105840,0
83162,4
45981,5
62008,6
69316,0
81508,4
127145,3
92725,6
46161,0
67342,4
126675,0
104757,2
124799,2
89869,7
67721,6
147000,2
89391,3
45788,2
83490,7
124565,7
61077,7
46093,0
82461,5
45729,7
94238,1
129302,2
123883,7
88901,5
60802,2
69299,3
146284,2
127743,1
104007,0
68405,6
104666,4
43448,5
83524,1
94117,0
127796,4
81817,7
81104,1
111031,4
104601,7
61920,1
82034,0
43232,2
77400,0
76954,4
91019,6
150274,7
82633,3
145464,3
128408,6
129232,3
146331,2
91220,3
146161,3
62220,4
123285,2
124805,4
147121,7
104847,6
44904,1
46601,6
93187,5
81729,1
107226,7
129966,1
62058,7
47657,2
148520,7
67671,7
62789,5
109407,3
104646,3
76254,1
61841,7
82463,3
127731,3
68623,7
105011,4
62022,7
128212,5
126972,6
146766,1
45372,0
43706,7
80880,0
129531,1
83103,2
91343,1
129452,0
83849,2
104444,3
124071,3
123912,0
81125,6
46452,3
103569,1
107767,4
123466,7
89220,3
124590,1
94485,0
128693,1
95162,3
107726,3
148716,6
125316,6
128590,7
103742,0
128322,0
104982,7
128629,1
67103,1
145577,3
43311,4
46805,7
93661,5
42824,2
96086,4
89078,2
82196,3
146373,5
107044,5
42338,4
148656,3
125130,3
47823,2
61080,6
105617,3
107068,6
60929,5
107685,4
145701,1
67900,4
91303,7
110510,5
94060,2
69561,3
77757,1
104883,4
94126,6
84000,7
91413,7
110499,0
110133,3
108887,3
61188,7
129418,3
61263,7
107997,4
123762,0
150457,5
149055,6
109368,0
126667,5
109587,7
47026,1
146201,5
61040,2
124632,5
128137,1
88724,1
110183,1
128223,3
80571,7
62726,1
96218,7
44043,1
123278,7
69103,5
146378,7
45416,4
104014,1
104090,7
128831,3
62475,4
150836,4
124378,4
107595,2
145722,6
150716,5
123768,6
89034,2
129242,6
67385,3
82304,1
105397,0
77180,7
147054,6
151246,4
42514,3
150962,1
47234,0
109699,5
109249,2
77519,3
123790,7
42396,3
77213,0
88713,3
104117,6
96194,5
83422,2
105451,0
67276,0
61914,2
128091,0
42773,6
95013,0
126538,7
105192,6
111208,1
124603,7
104301,0
127880,3
108827,0
148443,0
127194,0
91008,7
96234,1
45848,4
89233,6
94125,3
83339,1
103730,1
45951,3
84041,1
111216,2
77059,6
93842,5
146543,4
107156,4
145866,6
80595,4
83104,7
82031,3
149653,5
68645,2
77824,1
93414,0
109662,3
110522,1
128780,2
90403,2
111125,2
146327,2
90454,6
145481,0
149309,6
129074,1
82387,1
67355,4
61561,6
69654,5
93830,4
90308,4
105457,2
95077,3
124253,2
62381,4
108485,0
92772,5
124539,2
61531,6
46165,0
76366,6
89493,6
46760,0
88833,2
90172,1
75710,1
123341,2
89841,5
107089,4
104168,5
149292,6
81166,6
129991,6
103468,6
146135,0
90214,6
82943,5
94396,5
107033,6
129484,2
83813,3
128912,3
82025,3
45098,6
109419,4
89417,1
76139,5
69482,0
103968,0
126942,1
45698,4
104832,0
105590,3
107917,2
149010,1
45592,7
83541,0
129411,5
128031,2
45970,5
147321,0
148110,4
108218,5
61877,0
105117,2
45152,0
69367,1
123504,2
77762,1
148791,2
151341,2
129504,2
77783,6
62641,5
150748,4
45935,4
42717,1
96559,3
127463,1
124812,3
126932,6
150433,0
146584,3
93144,7
68095,0
47669,7
45055,7
128853,3
124339,7
77921,0
67979,5
46272,7
125331,1
88969,1
105462,0
129658,4
124471,2
108923,0
81792,3
129347,5
62005,3
150311,6
82091,2
104818,5
81394,1
46417,6
76823,1
62144,1
111214,5
126876,5
76311,3
104204,1
82907,2
83691,2
145907,3
127807,6
126763,4
45309,7
61629,4
68899,0
43887,5
107007,4
68239,0
103474,1
147190,2
47067,7
61879,7
68771,2
109216,6
82979,5
45198,6
151208,7
80971,1
42608,3
42825,0
109252,5
150315,4
108752,1
124094,6
46536,5
151325,2
68270,6
60948,3
83176,3
77185,1
67289,0
94179,1
42520,7
103674,7
45570,7
149645,7
103930,0
67802,3
90618,3
124435,4
75522,0
107319,6
145315,4
90701,3
80741,7
84050,3
81443,6
151086,4
103541,3
93505,0
146383,2
80840,2
92939,1
91328,3
91131,7
145505,1
47771,2
148141,1
151322,6
128524,0
61868,5
46817,1
60923,1
147027,2
129935,6
108318,1
83581,3
110641,5
149460,1
128274,4
105718,0
145556,7
45109,5
93623,0
127373,0
47303,0
95313,0
123699,6
90283,6
47242,4
146143,1
96552,6
43551,5
82877,0
68717,4
47198,5
43676,1
147227,3
82607,4
43121,2
125454,1
126941,5
128113,6
145190,3
105288,5
103622,3
62468,1
106125,0
146095,5
105332,5
148669,3
124025,2
145129,2
80940,6
67677,0
62051,3
82378,1
67053,5
128907,3
126906,4
69653,3
42446,3
94625,5
126829,1
146783,4
89620,6
127670,3
88807,2
110185,6
69310,5
81598,4
43024,0
108685,2
61695,6
47921,2
89828,0
76950,4
150727,4
91280,0
103629,3
68330,5
124640,1
128865,1
83626,2
89045,2
81884,6
104452,7
96382,0
68890,2
42172,0
127286,4
123756,5
61439,1
93420,2
44855,1
93350,7
129980,5
104526,2
127377,4
46198,7
77591,4
108944,3
62746,3
125368,6
148167,1
96006,3
67685,1
76693,4
108372,3
82544,2
124499,0
45528,6
151044,7
68567,0
67292,0
82548,4
61441,4
47154,1
42874,3
95263,6
128940,1
107330,7
147246,7
68576,1
45513,6
129122,5
93960,4
82651,4
47140,3
46719,7
67051,3
46132,1
107893,3
46031,3
67696,6
83655,3
45271,7
146626,5
126839,6
61228,6
67162,3
96168,0
103983,2
47888,2
148682,4
149351,4
109375,6
77535,3
67785,7
103578,7
68371,1
83963,3
45085,2
94640,3
62596,4
61947,0
129634,4
42180,5
110657,5
76551,4
45881,2
109173,5
67629,6
47344,7
94811,3
77817,3
68527,5
90376,6
43001,5
124768,0
82326,2
67917,3
149858,5
45096,1
109121,3
129292,0
44864,5
69390,5
90136,1
90606,7
128316,0
149178,2
128101,4
96516,6
148471,0
46675,3
126881,5
96304,1
45279,7
111081,1
76047,1
43437,7
83671,3
104688,1
62511,7
82414,7
95558,0
47238,1
146207,6
107432,0
105129,4
69016,5
89155,3
96534,3
104600,3
69991,0
127506,5
81631,4
92733,0
92930,1
110750,3
96524,6
150255,3
83883,4
150758,1
69254,1
124251,0
145604,1
84140,2
129718,2
129768,4
47224,6
91215,3
66963,2
83987,5
84084,6
47469,0
45540,4
42627,6
108734,0
83587,6
94519,4
110342,6
107017,4
68478,0
47001,0
69963,2
76491,1
147140,6
111187,5
82576,6
124512,4
76229,5
67957,2
109853,7
68520,6
62320,3
45344,5
62241,5
46179,3
108326,4
148035,1
146606,4
129505,0
68121,4
147501,1
105746,2
90479,3
88996,3
96527,3
77313,3
93093,3
76289,1
127323,1
62423,4
108618,5
83702,7
149180,3
105562,0
61217,6
42958,3
61325,0
61817,0
110437,1
129900,2
42644,1
129593,6
69359,4
125337,1
45041,5
82918,5
81164,7
148377,6
67484,3
94165,0
61993,5
107023,7
67063,0
76424,0
103557,4
42849,6
123965,4
129954,5
96188,1
110493,2
146660,4
88762,6
77191,4
149989,5
105675,1
62324,1
126915,2
106088,3
81543,0
91394,5
107190,5
109494,1
129670,5
83285,3
128162,4
127992,2
82588,5
67745,5
69072,2
128896,6
89799,2
46041,6
67354,7
93824,3
109107,7
83284,6
148028,4
128990,1
127789,1
94304,7
47516,0
106253,2
83787,1
125420,4
146529,6
45387,4
42807,0
46222,0
45246,5
110983,4
127549,3
46680,3
111093,4
83935,0
82858,7
45622,6
149104,3
150680,3
82350,0
149972,3
107482,6
82218,5
93092,7
148355,0
77499,6
123335,3
93504,7
149762,5
93765,3
93061,5
66960,6
61116,6
104339,7
107928,4
62754,2
76559,2
145365,0
95826,3
62466,1
103948,0
