{
"meta":{"test_sets":[],"test_metrics":[],"learn_metrics":[{"best_value":"Min","name":"MultiClass"}],"launch_mode":"Train","parameters":"","iteration_count":1000,"learn_sets":["learn"],"name":"experiment"},
"iterations":[
{"learn":[1.932310086],"iteration":0,"passed_time":0.2331399599,"remaining_time":232.90682},
{"learn":[1.83283296],"iteration":1,"passed_time":0.3389225461,"remaining_time":169.1223505},
{,
{"learn":[1.763827238],"iteration":2,"passed_time":0.4796506956,"remaining_time":159.4039,
{",
{"learn":[1.712008983],"iteration":3,"passed_time":0.5915059885,"remaining_time":147.2849,
,
,
{"learn":[1.662983844],"iteration":4,"passed_time":0.7102061777,"remaining_time":141.3310,
{",
{"learn":[1.622701208],"iteration":5,"passed_time":0.8310236178,"remaining_time":137.6729,
{",
{"learn":[1.587190176],"iteration":6,"passed_time":0.9540523231,"remaining_time":135.3391,
,
{"learn":[1.557792764],"iteration":7,"passed_time":1.111382827,"remaining_time":137.81147,
{"learn":[1.523287776],"iteration":8,"passed_time":1.179742071,"remaining_time":129.9027103},
{,,
{"learn":[1.494993127],"iteration":9,"passed_time":1.294426401,"remaining_time":128.148,,
{,
{"learn":[1.486321417],"iteration":10,"passed_time":1.450883392,"remaining_time":130.4476,,
{"learn":[1.44547955],"iteration":11,"passed_time":1.534175325,"remaining_time":126.3137684},
{"learn":[1.425599326],"iteration":12,"passed_time":1.654200561,"remaining_time":125.5919964},
{"learn":[1.407308771],"iteration":13,"passed_time":1.803194655,"remaining_time":126.9964236},
{"learn":[1.391881185],"iteration":14,"passed_time":1.906115313,"remaining_time":125.168238,
,
{"learn":[1.378762321],"iteration":15,"passed_time":2.026912904,"remaining_time":124.655143,,,
{"learn":[1.363701751],"iteration":16,"passed_time":2.1546903,"remaining_time":124.5917979},
{"learn":[1.351920274],"iteration":17,"passed_time":2.259163338,"remaining_time":123.249911},
{"learn":[1.340341344],"iteration":18,"passed_time":2.383663538,"remaining_time":123.0723121},
{"learn":[1.329490516],"iteration":19,"passed_time":2.494694209,"remaining_time":122.2400162},
{"l,
{"learn":[1.328119773],"iteration":20,"passed_time":2.654050702,"remaining_time":123.729,
{"learn":[1.309157565],"iteration":21,"passed_time":2.759484253,"remaining_time":122.6716182},
{"learn":[1.300988435],"iteration":22,"passed_time":2.888806429,"remaining_time":122.7114731},
{"learn":[1.292655256],"iteration":23,"passed_time":2.997770026,"remaining_time":121.9093144,,
{"l,
{"learn":[1.289400445],"iteration":24,"passed_time":3.155268627,"remaining_time":123.05,,
{"l,
{"learn":[1.281954413],"iteration":25,"passed_time":3.281524159,"remaining_time":122.93,,
{"l,
{"learn":[1.275158102],"iteration":26,"passed_time":3.405332934,"remaining_time":122.718,
{"l,
{"learn":[1.269006424],"iteration":27,"passed_time":3.535361976,"remaining_time":122.727,
{"l,
{"learn":[1.263804941],"iteration":28,"passed_time":3.621649248,"remaining_time":121.26,
{"le,
{"learn":[1.258796932],"iteration":29,"passed_time":3.735990389,"remaining_time":120.79,
{"le,
{"learn":[1.252623672],"iteration":30,"passed_time":3.865238063,"remaining_time":120.8,
{"lea,
{"learn":[1.247131398],"iteration":31,"passed_time":3.961543547,"remaining_time":119.8,
{"lea,
{"learn":[1.241529376],"iteration":32,"passed_time":4.086709896,"remaining_time":119.7,
{"lea,
{"learn":[1.234855678],"iteration":33,"passed_time":4.206187028,"remaining_time":119.5,
{"lea,
{"learn":[1.229866757],"iteration":34,"passed_time":4.314906861,"remaining_time":118.9,
{"lea,
{"learn":[1.225274997],"iteration":35,"passed_time":4.413391728,"remaining_time":118.1,
{"lea,
{"learn":[1.219409688],"iteration":36,"passed_time":4.523685461,"remaining_time":117.7,
{"learn":[1.214576068],"iteration":37,"passed_time":4.613956763,"remaining_time":116.805958},
{"learn":[1.210169248],"iteration":38,"passed_time":4.733938101,"remaining_time":116.6490901},
{"learn":[1.205647663],"iteration":39,"passed_time":4.859595814,"remaining_time":116.6302995},
{"learn":[1.201043332],"iteration":40,"passed_time":4.975736801,"remaining_time":116.3836974},
{"learn":[1.196757192],"iteration":41,"passed_time":5.09787797,"remaining_time":116.2801689},
{"learn":[1.192168041],"iteration":42,"passed_time":5.215359124,"remaining_time":116.0720624},
{"learn":[1.189369869],"iteration":43,"passed_time":5.340902532,"remaining_time":116.0432459},
{"learn":[1.18720413],"iteration":44,"passed_time":5.471923546,"remaining_time":116.1263775},
{"learn":[1.183133154],"iteration":45,"passed_time":5.607010353,"remaining_time":116.284519},
{"learn":[1.178906895],"iteration":46,"passed_time":5.730037605,"remaining_time":116.1856561},
{"learn":[1.173909262],"iteration":47,"passed_time":5.841129886,"remaining_time":115.8490761},
{"learn":[1.16985333],"iteration":48,"passed_time":5.949200754,"remaining_time":115.4630595},
{"learn":[1.165880659],"iteration":49,"passed_time":6.06930083,"remaining_time":115.3167158},
{"learn":[1.163352019],"iteration":50,"passed_time":6.189460483,"remaining_time":115.1725098},
{"learn":[1.16013098],"iteration":51,"passed_time":6.296802878,"remaining_time":114.7955602},
{"learn":[1.157144926],"iteration":52,"passed_time":6.405168544,"remaining_time":114.4470681},
{"learn":[1.153912184],"iteration":53,"passed_time":6.536455506,"remaining_time":114.5090168},
{"learn":[1.149647801],"iteration":54,"passed_time":6.654775529,"remaining_time":114.3411432},
{"learn":[1.146992902],"iteration":55,"passed_time":6.776035502,"remaining_time":114.2245985},
{"learn":[1.143350726],"iteration":56,"passed_time":6.871360292,"remaining_time":113.6788203},
{"learn":[1.139072712],"iteration":57,"passed_time":6.993316651,"remaining_time":113.5811084},
{"learn":[1.136168514],"iteration":58,"passed_time":7.101001958,"remaining_time":113.2549634},
{"learn":[1.132962174],"iteration":59,"passed_time":7.203626247,"remaining_time":112.8568112},
{"learn":[1.131481633],"iteration":60,"passed_time":7.301934892,"remaining_time":112.4019158,,
{"learn":[1.128466134],"iteration":61,"passed_time":7.431888667,"remaining_time":112.437283,
,
{"learn":[1.125561871],"iteration":62,"passed_time":7.548373606,"remaining_time":112.267080,
,
{"learn":[1.123547572],"iteration":63,"passed_time":7.680406085,"remaining_time":112.32593,
,
{"learn":[1.122110726],"iteration":64,"passed_time":7.782031413,"remaining_time":111.941528,
,
{"learn":[1.120382572],"iteration":65,"passed_time":7.893484467,"remaining_time":111.704765,,
{"learn":[1.117112485],"iteration":66,"passed_time":7.995770941,"remaining_time":111.344093,
,
{"learn":[1.115046822],"iteration":67,"passed_time":8.112720999,"remaining_time":111.19199,
{,
{"learn":[1.112819367],"iteration":68,"passed_time":8.224523084,"remaining_time":110.97146,
{,
{"learn":[1.110971084],"iteration":69,"passed_time":8.35328256,"remaining_time":110.9793,
{",
{"learn":[1.109193208],"iteration":70,"passed_time":8.484400039,"remaining_time":111.0141921},
{"learn":[1.106318815],"iteration":71,"passed_time":8.597948613,"remaining_time":110.8180043},
{"learn":[1.103871738],"iteration":72,"passed_time":8.709240884,"remaining_time":110.5954288},
{"learn":[1.101846994],"iteration":73,"passed_time":8.808242474,"remaining_time":110.2,
{"lea,
{"learn":[1.099923],"iteration":74,"passed_time":8.90944866,"remaining_time":109.8832,
{",
{"learn":[1.098109208],"iteration":75,"passed_time":8.999638511,"remaining_time":109.4166,
{",
{"learn":[1.097195199],"iteration":76,"passed_time":9.109444288,"remaining_time":109.1950,
{,
{"learn":[1.095526989],"iteration":77,"passed_time":9.220033768,"remaining_time":108.98552,
{,
{"learn":[1.093019775],"iteration":78,"passed_time":9.330675909,"remaining_time":108.77914,
{,
{"learn":[1.090388527],"iteration":79,"passed_time":9.435579426,"remaining_time":108.50916,
{,
{"learn":[1.088384821],"iteration":80,"passed_time":9.548000008,"remaining_time":108.3285,
{",
{"learn":[1.086537418],"iteration":81,"passed_time":9.669551702,"remaining_time":108.2518,
{",
{"learn":[1.085632848],"iteration":82,"passed_time":9.77376085,"remaining_time":107.98239,
,
{"learn":[1.083839965],"iteration":83,"passed_time":9.905936082,"remaining_time":108.0218744},
{"learn":[1.081516482],"iteration":84,"passed_time":10.02115,"remaining_time":107.8747323},
{"learn":[1.080565985],"iteration":85,"passed_time":10.13164237,"remaining_time":107.6781526},
{"learn":[1.078874496],"iteration":86,"passed_time":10.23396578,"remaining_time":107.3978247},
{"learn":[1.076743583],"iteration":87,"passed_time":10.35587618,"remaining_time":107.3245349},
{"learn":[1.075654448],"iteration":88,"passed_time":10.46055618,"remaining_time":107.0737829},
{"learn":[1.073490249],"iteration":89,"passed_time":10.56999998,"remaining_time":106.8744442},
{"learn":[1.07177785],"iteration":90,"passed_time":10.68628158,"remaining_time":106.7453841},
{"learn":[1.070387706],"iteration":91,"passed_time":10.78091846,"remaining_time":106.4029778},
{"learn":[1.069563223],"iteration":92,"passed_time":10.88597342,"remaining_time":106.1675043},
{"learn":[1.068087047],"iteration":93,"passed_time":11.02151003,"remaining_time":106.2285967},
{"learn":[1.066347291],"iteration":94,"passed_time":11.10886623,"remaining_time":105.8265677},
{"learn":[1.065110063],"iteration":95,"passed_time":11.24033813,"remaining_time":105.8465174},
{"learn":[1.063267072],"iteration":96,"passed_time":11.33640654,"remaining_time":105.533764},
{"learn":[1.061828997],"iteration":97,"passed_time":11.43391291,"remaining_time":105.2386678},
{"learn":[1.059615298],"iteration":98,"passed_time":11.57630695,"remaining_time":105.3560864},
{"learn":[1.057346717],"iteration":99,"passed_time":11.68256895,"remaining_time":105.1431205},
{"learn":[1.056357083],"iteration":100,"passed_time":11.79131979,"remaining_time":104.9544207},
{"learn":[1.055442862],"iteration":101,"passed_time":11.88553315,"remaining_time":104.6393016},
{"learn":[1.054275474],"iteration":102,"passed_time":12.00557612,"remaining_time":104.5534153},
{"learn":[1.051256571],"iteration":103,"passed_time":12.10738839,"remaining_time":104.3098077},
{"learn":[1.049271017],"iteration":104,"passed_time":12.2098136,"remaining_time":1,
{"learn":,
{"learn":[1.048103988],"iteration":105,"passed_time":12.32447558,"remaining_time":103.9441619},
{"learn":[1.046709008],"iteration":106,"passed_time":12.44963765,"remaining_time":103.9021161},
{"learn":[1.045058605],"iteration":107,"passed_time":12.5424053,"remaining_time":103.5909771},
{"learn":[1.043358156],"iteration":108,"passed_time":12.65163104,"remaining_time":103.4183785},
{"learn":[1.041977512],"iteration":109,"passed_time":12.76206969,"remaining_time":103.2567457},
{"learn":[1.040276895],"iteration":110,"passed_time":12.92473763,"remaining_time":103.5143401},
{"learn":[1.03928721],"iteration":111,"passed_time":13.02483551,"remaining_time":103.2683387},
{"learn":[1.038120745],"iteration":112,"passed_time":13.13208041,"remaining_time":103.0810206},
{"learn":[1.036622984],"iteration":113,"passed_time":13.22788685,"remaining_ti,
{"learn":[1.03,
{"learn":[1.035173307],"iteration":114,"passed_time":13.3492795,"remaining_time":102.7314118},
{"learn":[1.033620451],"iteration":115,"passed_time":13.46164673,"remaining_time":102.587032},
{"learn":[1.032588066],"iteration":116,"passed_time":13.5859953,"remaining_time":102.5336226},
{"learn":[1.031641205],"iteration":117,"passed_time":13.68657822,"remaining_time":102.3013728},
{"learn":[1.030228433],"iteration":118,"passed_time":13.81972571,"remaining_time":102.3124231},
{"learn":[1.028821511],"iteration":119,"passed_time":13.92869276,"remaining_time":102.1437469},
{"learn":[1.027619794],"iteration":120,"passed_time":14.04159461,"remaining_time":102.0046419},
{"learn":[1.026663564],"iteration":121,"passed_time":14.16804599,"remaining_time":101.9634785},
{"learn":[1.025388401],"iteration":122,"passed_time":14.27877177,"remaining_time":101.8088036},
{"learn":[1.024652477],"iteration":123,"passed_time":14.39430566,"remaining_time":101.6888045},
{"learn":[1.023060428],"iteration":124,"passed_time":14.51925462,"remaining_time":101.6347823},
{"learn":[1.021180239],"iteration":125,"passed_time":14.62627605,"remaining_time":101.4552799},
{"learn":[1.019551769],"iteration":126,"passed_time":14.73997576,"remaining_time":101.3228255},
{"learn":[1.018519916],"iteration":127,"passed_time":14.85202535,"remaining_time":101.1794227},
{"learn":[1.017299303],"iteration":128,"passed_time":14.96547578,"remaining_time":101.0459644},
{"learn":[1.016501212],"iteration":129,"passed_time":15.04523634,"remaining_time":100.6873509},
{"learn":[1.0150978],"iteration":130,"passed_time":15.15306333,"remaining_time":100.5191758},
{"learn":[1.014134202],"iteration":131,"passed_time":15.25624385,"remaining_time":100.3213611},
{"learn":[1.0134429],"iteration":132,"passed_time":15.35771383,"remaining_time":100.1138187},
{"learn":[1.011923112],"iteration":133,"passed_time":15.44691333,"remaining_time,
{"learn":[1.,
{"learn":[1.011045614],"iteration":134,"passed_time":15.54562611,"remaining_time,
{"learn":[1.,
{"learn":[1.010110493],"iteration":135,"passed_time":15.65819797,"remaining_time,
{"learn":[1.,
{"learn":[1.008612011],"iteration":136,"passed_time":15.77589333,"remaining_time,
{"learn":[1.,
{"learn":[1.006970171],"iteration":137,"passed_time":15.90376215,"remaining_time,
{"learn":[1.,
{"learn":[1.005520846],"iteration":138,"passed_time":16.01692457,"remaining_time,
{"learn":[1.,
{"le,
{"learn":[0.9972758106],"iteration":139,"passed_time":16.12896905,"remaini,
{"learn":[1,
{"learn":[1.00118607],"iteration":140,"passed_time":16.25072429,"remaining_time":99.00263947},
{"learn":[0.9999738081],"iteration":141,"passed_time":16.36073252,"remaining_time":98.85569365},
{"learn":[0.9981803786],"iteration":142,"passed_time":16.48098642,"remaining_time":98.77066689},
{"learn":[0.9964307921],"iteration":143,"passed_time":16.59546065,"remaining_time":98.65079389},
{"learn":[0.995129495],"iteration":144,"passed_time":16.71330842,"remaining_time":98.55088757},
{"learn":[0.9933666049],"iteration":145,"passed_time":16.83456456,"remaining_time":98.47067218},
{"learn":[0.9927200011],"iteration":146,"passed_time":16.93278847,"remaining_time":98.25,
{"lea,
{"learn":[0.9916288639],"iteration":147,"passed_time":17.05048227,"remaining_time":98.15547901},
{"learn":[0.9907339899],"iteration":148,"passed_time":17.15496112,"remaining_tim,
{"lear,
{"lea,
{"learn":[0.9893645529],"iteration":149,"passed_time":17.27583511,"remaining_tim,
{"lear,
{"lea,
{"learn":[0.9885686773],"iteration":150,"passed_time":17.39946567,"remaining_tim,
{"learn":[0.9,
{"lea,
{"learn":[0.9833768941],"iteration":151,"passed_time":17.52433769,"remai,
{"learn":[0.98,
{"lea,
{"learn":[0.9824061554],"iteration":152,"passed_time":17.67270937,"remai,
{"learn":[0.98,
{"lea,
{"learn":[0.9814785858],"iteration":153,"passed_time":17.80192477,"rema,
{"learn":[0.98,
{"lea,
{"learn":[0.9805899297],"iteration":154,"passed_time":17.91212213,"rema,
{"learn":[0.9846279155,
{"learn":[0.9796730447],"iteration":155,"passed_time":18.05125411,"rema,
{"learn":[0.9837717654,
{"learn":[0.9783559548],"iteration":156,"passed_time":18.17506784,"rema,
{"learn":[0.9824505268,
{"learn":[0.9766307759],"iteration":157,"passed_time":18.32014912,"rema,
{"learn":[0.9815174367,
{"learn":[0.9754534145],"iteration":158,"passed_time":18.43045829,"rema,
{"learn":[0.9806352615,
{"learn":[0.9741130339],"iteration":159,"passed_time":18.55010667,"rema,
{"learn":[0.9795424129,
{"learn":[0.9734031334],"iteration":160,"passed_time":18.66255101,"rema,
{"learn":[0.9788858319,
{"learn":[0.9721519548],"iteration":161,"passed_time":18.79519725,"rema,
{"learn":[0.9781966747,
{"learn":[0.9711994944],"iteration":162,"passed_time":18.89261028,"rema,
{"learn":[0.9773768748,
{"learn":[0.9704737973],"iteration":163,"passed_time":19.03671709,"rema,
{"learn":[0.9762449376,
{"learn":[0.9693083961],"iteration":164,"passed_time":19.13020362,"rem,
{"learn":[0.9747813998],
{"learn":[0.9681066053],"iteration":165,"passed_time":19.26084758,"rem,
{"learn":[0.9740022901,
{"learn":[0.9661981],"iteration":166,"passed_time":19.41822167,"remaini,
{"learn":[0.9727167,
{"learn":[0.965026122],"iteration":167,"passed_time":19.53849155,"remainin,
{"learn":[0.971428,
{"learn":[0.9639985894],"iteration":168,"passed_time":19.65662195,"remaini,
{"learn":[0.9708639,
{"learn":[0.9635038251],"iteration":169,"passed_time":19.78506935,"remaini,
{"learn":[0.9695560,
{"learn":[0.9621818136],"iteration":170,"passed_time":19.9042218,"remainin,
{"learn":[0.968865,
{"learn":[0.9613345619],"iteration":171,"passed_time":20.02840412,"remaini,
{"learn":[0.9681176,
{"learn":[0.9603903408],"iteration":172,"passed_time":20.14175236,"remaini,
{"learn":[0.9669952,
{"learn":[0.9596424289],"iteration":173,"passed_time":20.25703821,"remain,
{"learn":[0.96643078,
{"learn":[0.9587874588],"iteration":174,"passed_time":20.39627588,"remai,
{"learn":[0.965890068,
{"learn":[0.9579056413],"iteration":175,"passed_time":20.50502853,"remai,
{"learn":[0.965205689,
{"learn":[0.9572557443],"iteration":176,"passed_time":20.62109202,"remai,
{"learn":[0.964653052,
{"learn":[0.9561455733],"iteration":177,"passed_time":20.76990205,"remaining_time":95.91494094},
{"learn":[0.9548552245],"iteration":178,"passed_time":20.90606227,"remaining_time":95.88758171},
{"learn":[0.9537944727],"iteration":179,"passed_time":20.9820907,"remaining_time":95.58507986},
{"learn":[0.9531860735],"iteration":180,"passed_time":21.07639257,"rema,
{"learn":[0.9612899453,
{"learn":[0.9516266729],"iteration":181,"passed_time":21.20516195,"rema,
{"learn":[0.9606566529,
{"learn":[0.9509095704],"iteration":182,"passed_time":21.31857004,"rema,
{"learn":[0.9597322889,
{"learn":[0.9498396847],"iteration":183,"passed_time":21.43959356,"rema,
{"learn":[0.9588581577,
{"learn":[0.9490608523],"iteration":184,"passed_time":21.55750651,"remaining_time":94.96955569},
{"learn":[0.9480624961],"iteration":185,"passed_time":21.69491448,"remaining_time":94.94441069},
{"learn":[0.9472099237],"iteration":186,"passed_time":21.8091151,"remaining_time":94.81716884},
{"learn":[0.9464395816],"iteration":187,"passed_time":21.91055202,"remaining_time":94.63493746},
{"learn":[0.9451741747],"iteration":188,"passed_time":22.01966221,"remaining_time":94.48648704},
{"learn":[0.944611893],"iteration":189,"passed_time":22.1607269,"remaining_time":94.47467782},
{"learn":[0.9440647869],"iteration":190,"passed_time":22.26655051,"remaining_time":94.31224798},
{"learn":[0.9434757979],"iteration":191,"passed_time":22.39252631,"remaining_time":94.23521489},
{"learn":[0.9428837943],"iteration":192,"passed_time":22.48769093,"remaining_time",
{"learn":[0,
{"learn":[0.9419306811],"iteration":193,"passed_time":22.61429103,"remaining_time",
{"learn":[0,
{"learn":[0.9409827217],"iteration":194,"passed_time":22.72775456,"remaining_time,
{"learn":[0.,
{"learn":[0.9401474145],"iteration":195,"passed_time":22.82969845,"remaining_time,
{"learn":[0.,
{"learn":[0.939549483],"iteration":196,"passed_time":22.91956415,"remaining_time",
{"learn":[0,
{"learn":[0.9386562363],"iteration":197,"passed_time":23.03977209,"remaining_tim,
{"learn":[0.9,
{"learn":[0.9381719243],"iteration":198,"passed_time":23.14872408,"remaining_tim,
{"learn":[0.9,
{"learn":[0.9373876509],"iteration":199,"passed_time":23.25749566,"remaining_tim,
{"learn":[0.9,
{"learn":[0.9365458917],"iteration":200,"passed_time":23.39398956,"remaining_ti,
{"learn":[0.93,
{"learn":[0.935697376],"iteration":201,"passed_time":23.50624433,"remaining_time":92.86130184},
{"learn":[0.9341916481],"iteration":202,"passed_time":23.64159647,"remaining_time":92.8194699},
{"learn":[0.9334148146],"iteration":203,"passed_time":23.77383608,"remaining_time":92.76457608},
{"learn":[0.9326560264],"iteration":204,"passed_time":23.87367906,"remaining_time":92.58329195},
{"learn":[0.931852951],"iteration":205,"passed_time":23.99372891,"remaining_time":92.48068326},
{"learn":[0.9304292019],"iteration":206,"passed_time":24.12392162,"remaining_time":92.41676253},
{"learn":[0.929659209],"iteration":207,"passed_time":24.24454164,"remaining_time":92.31575472},
{"learn":[0.9289380328],"iteration":208,"passed_time":24.37380845,"remaining_time":92.24728463},
{"learn":[0.9277094615],"iteration":209,"passed_time":24.4970466,"remaining_time":92.15555625},
{"learn":[0.9264975831],"iteration":210,"passed_time":24.5981857,"remaining_time":91.98089345},
{"learn":[0.9253599044],"iteration":211,"passed_time":24.71221329,"remaining_t,
{"learn":[0.924,
{"learn":[0.9243467405],"iteration":212,"passed_time":24.81534552,"remaining,
{"learn":[0.92380,
{"learn":[0.9233507606],"iteration":213,"passed_time":24.93256856,"remaining,
{"learn":[0.92322,
{"learn":[0.9223335552],"iteration":214,"passed_time":25.07963389,"remaining_time":91.56982605},
{"learn":[0.9215110432],"iteration":215,"passed_time":25.21744277,"remaining_time":91.52997745},
{"learn":[0.9208750401],"iteration":216,"passed_time":25.33906816,"remaining_time":91.4308312},
{"learn":[0.919691954],"iteration":217,"passed_time":25.4660219,"remaining_time":91.35059233},
{"learn":[0.9193339337],"iteration":218,"passed_time":25.58190721,"remaining_time":91.23045449},
{"learn":[0.9183242488],"iteration":219,"passed_time":25.71060385,"remaining_time":91.15577727},
{"learn":[0.9177810909],"iteration":220,"passed_time":25.81057903,"remaining_time":90.97,
{"lea,
{"learn":[0.9166167991],"iteration":221,"passed_time":25.92604202,"remaining_time":90.85,
{"lea,
{"learn":[0.9158152356],"iteration":222,"passed_time":26.04250833,"remaining_time":90.7,
{"lear,
{"learn":[0.9149283706],"iteration":223,"passed_time":26.17171318,"remaining_time":90.66629207},
{"learn":[0.9141686821],"iteration":224,"passed_time":26.28455582,"remaining_time":90.5,
{"lear,
{"learn":[0.9133495352],"iteration":225,"passed_time":26.419742,"remaining_time":90.48177127},
{"learn":[0.9126753982],"iteration":226,"passed_time":26.54119416,"remaining_time":90.38036602},
{"learn":[0.9120278046],"iteration":227,"passed_time":26.64461332,"remaining_time":90.21772581},
{"learn":[0.9112370139],"iteration":228,"passed_time":26.74728274,"remaining_time":90.05,
{"lea,
{"learn":[0.9103530298],"iteration":229,"passed_time":26.90946127,"remaining_time":90.08819643},
{"learn":[0.9098806105],"iteration":230,"passed_time":27.04268451,"remaining_time":90.0252138},
{"learn":[0.9092372798],"iteration":231,"passed_time":27.16802501,"remaining_time":89.93553106},
{"learn":[0.9084859999],"iteration":232,"passed_time":27.2739251,"remaining_time":89.78154742},
{"learn":[0.9076953753],"iteration":233,"passed_time":27.38243562,"remaining_time":89.63652001},
{"learn":[0.9070388662],"iteration":234,"passed_time":27.47491201,"remaining_time":89.43960717},
{"learn":[0.9063950107],"iteration":235,"passed_time":27.60178821,"remaining_time":89.35494148},
{"learn":[0.9056272009],"iteration":236,"passed_time":27.71608236,"remaining_time":89.22941284},
{"learn":[0.9049799974],"iteration":237,"passed_time":27.84068586,"remaining_time":89.13698583},
{"learn":[0.9044413617],"iteration":238,"passed_time":27.94953288,"remaining_time":88.99411935},
{"learn":[0.9036022498],"iteration":239,"passed_time":28.06203998,"remaining_time":88.86312662},
{"learn":[0.9029280747],"iteration":240,"passed_time":28.16571146,"remaining_time":88.70446059},
{"learn":[0.9021526541],"iteration":241,"passed_time":28.28857126,"remaining_time":88.60635131},
{"learn":[0.9017339347],"iteration":242,"passed_time":28.40909126,"remaining_time":88.50074933},
{"learn":[0.901002644],"iteration":243,"passed_time":28.54559422,"remaining_time":88.44454603},
{"learn":[0.9001495912],"iteration":244,"passed_time":28.65976909,"remaining_time":88.31888027},
{"learn":[0.8995909323],"iteration":245,"passed_time":28.77193222,"remaining_time":88.18714184},
{"learn":[0.8988861582],"iteration":246,"passed_time":28.90630829,"remaining_time":88.12327994},
{"learn":[0.8981440399],"iteration":247,"passed_time":29.03300335,"remaining_time":88.03555853},
{"learn":[0.8975606762],"iteration":248,"passed_time":29.15330405,"remaining_time":87.92823832},
{"learn":[0.897017551],"iteration":249,"passed_time":29.25196125,"remaining_time":87.75588374},
{"learn":[0.8964965088],"iteration":250,"passed_time":29.36539827,"remaining_time":87.62822034},
{"learn":[0.8956321218],"iteration":251,"passed_time":29.48099686,"remaining_time":87.50708593},
{"learn":[0.8951744679],"iteration":252,"passed_time":29.60935885,"remaining_time":87.42368007},
{"learn":[0.8943734107],"iteration":253,"passed_time":29.76386389,"remaining_time":87.4167026},
{"learn":[0.893916357],"iteration":254,"passed_time":29.87046141,"remaining_time":87.26860294},
{"learn":[0.8932264307],"iteration":255,"passed_time":29.99782285,"remaining_time":87.18117266},
{"learn":[0.8927691232],"iteration":256,"passed_time":30.15022555,"remaining_time":87.16582718},
{"learn":[0.8919769849],"iteration":257,"passed_time":30.27927997,"remaining_time":87.08227029},
{"learn":[0.8912789883],"iteration":258,"passed_time":30.4503297,"remaining_time":87.11851083},
{"learn":[0.890611083],"iteration":259,"passed_time":30.60635533,"remaining_time":87.11039594},
{"learn":[0.8896545572],"iteration":260,"passed_time":30.72929755,"remaining_time":87.00747468},
{"learn":[0.8891941281],"iteration":261,"passed_time":30.85983441,"remaining_time":86.92579311},
{"learn":[0.8885211409],"iteration":262,"passed_time":30.98461279,"remaining_time":86.82760313},
{"learn":[0.8881097127],"iteration":263,"passed_time":31.11744304,"remaining_time":86.75165939},
{"learn":[0.8874499774],"iteration":264,"passed_time":31.23280538,"remaining_time":86.62683757},
{"learn":[0.8870077342],"iteration":265,"passed_time":31.38138992,"remaining_time":86.59376015},
{"learn":[0.8864985219],"iteration":266,"passed_time":31.49935431,"remaining_time":86.47575546},
{"learn":[0.8857881045],"iteration":267,"passed_time":31.61929115,"remaining_time":86.36313853},
{"learn":[0.8852061672],"iteration":268,"passed_time":31.74929931,"remaining_time":86.27783568},
{"learn":[0.8846272727],"iteration":269,"passed_time":31.86473748,"remaining_time":86.15280874},
{"learn":[0.8838453141],"iteration":270,"passed_time":31.99901532,"remaining_time":86.078532},
{"learn":[0.882729815],"iteration":271,"passed_time":32.12375681,"remaining_time":85.97829029},
{"learn":[0.881963413],"iteration":272,"passed_time":32.23824421,"remaining_time":85.85056242},
{"learn":[0.8815951857],"iteration":273,"passed_time":32.36664522,"remaining_time":85.75979718},
{"learn":[0.8809314351],"iteration":274,"passed_time":32.48525073,"remaining_,
{"learn":[0.8882,
{"learn":[0.8806281424],"iteration":275,"passed_time":32.61932037,"remaining_,
{"learn":[0.88,
{"learn":[0.8801625453],"iteration":276,"passed_time":32.75860461,"remaining_t,
{"learn":[0.887,
{"learn":[0.8798021031],"iteration":277,"passed_time":32.88906909,"remaining_time":85.41693482},
{"learn":[0.8790504157],"iteration":278,"passed_time":33.02473509,"remaining_time":85.34349103},
{"learn":[0.8781369382],"iteration":279,"passed_time":33.16384857,"remaining_time":85.27846774},
{"learn":[0.877695735],"iteration":280,"passed_time":33.29803355,"remaining_time":85.20030648},
{"learn":[0.8771203712],"iteration":281,"passed_time":33.42546495,"remaining_time":85.1045526},
{"learn":[0.8766604929],"iteration":282,"passed_time":33.56420733,"remaining_time":85.03723199},
{"learn":[0.8760652796],"iteration":283,"passed_time":33.67929264,"remaining_time":84.90976596},
{"learn":[0.8753600564],"iteration":284,"passed_time":33.79883506,"remaining_time":84.79356865},
{"learn":[0.8749949223],"iteration":285,"passed_time":33.9004566,"remaining_time":84.63260843},
{"learn":[0.8743950001],"iteration":286,"passed_time":33.99961216,"remaining_time":84.46593544},
{"learn":[0.8738826323],"iteration":287,"passed_time":34.13225438,"remaining_time":84.38251778},
{"learn":[0.8732369628],"iteration":288,"passed_time":34.24716241,"remaining_time":84.25512968},
{"learn":[0.8727044978],"iteration":289,"passed_time":34.34821172,"remaining_time":84.09389766},
{"learn":[0.8720712638],"iteration":290,"passed_time":34.45418861,"remaining_time":83.94508497},
{"learn":[0.8712637562],"iteration":291,"passed_time":34.55777685,"remaining_time":83.79077401},
{"learn":[0.8702763797],"iteration":292,"passed_time":34.690922,"remaining_time":83.70812918},
{"learn":[0.8693449071],"iteration":293,"passed_time":34.80948188,"remaining_time":83.59011635},
{"learn":[0.8684786132],"iteration":294,"passed_time":34.9349094,"remaining_time":83.4885123},
{"learn":[0.8680839624],"iteration":295,"passed_time":35.04691729,"remaining_time":83.35483032},
{"learn":[0.867444407],"iteration":296,"passed_time":35.15641005,"remaining_time":83.21534097},
{"learn":[0.8670954273],"iteration":297,"passed_time":35.27008383,"remaining,
{"learn":[0.87537,
{"learn":[0.866681517],"iteration":298,"passed_time":35.38583783,"remaining_time":82.96144588},
{"learn":[0.8659725821],"iteration":299,"passed_time":35.48550223,"remaining_time":82.79950521},
{"learn":[0.8654127252],"iteration":300,"passed_time":35.58797376,"remaining,
{"learn":[0.8741,
{"learn":[0.8642090893],"iteration":301,"passed_time":35.7098776,"remaining_time":82.53475022},
{"learn":[0.863441441],"iteration":302,"passed_time":35.81518589,"remaining_time":82.38674775},
{"learn":[0.8629202166],"iteration":303,"passed_time":35.94806043,"remaining_time":82.30213836},
{"learn":[0.8622271512],"iteration":304,"passed_time":36.06966269,"remaining_time":82.19152645},
{"learn":[0.8616482028],"iteration":305,"passed_time":36.18895546,"remaining_time":82.07560486},
{"learn":[0.8609516582],"iteration":306,"passed_time":36.28974702,"remaining_time":81.91789799},
{"learn":[0.8605301241],"iteration":307,"passed_time":36.41691008,"remaining_time":81.81981096},
{"learn":[0.8600060117],"iteration":308,"passed_time":36.55039695,"remaining_time":81.73567732},
{"learn":[0.8596825883],"iteration":309,"passed_time":36.65218321,"remaining_time":81.58066585},
{"learn":[0.8589892963],"iteration":310,"passed_time":36.76218454,"remaining_time":81.44419662},
{"learn":[0.8583354439],"iteration":311,"passed_time":36.88049355,"remaining_time":81.32621655},
{"learn":[0.8575945774],"iteration":312,"passed_time":37.01155771,"remaining_time":81.2362305},
{"learn":[0.8570380449],"iteration":313,"passed_time":37.11037858,"remaining_time":81.07554047},
{"learn":[0.8566456433],"iteration":314,"passed_time":37.21800776,"remaining_time":80.93439783},
{"learn":[0.8563593246],"iteration":315,"passed_time":37.32960154,"remaining_time":80.80204889},
{"learn":[0.8558941111],"iteration":316,"passed_time":37.45873257,"remaining_time":80.70761623},
{"learn":[0.8555795499],"iteration":317,"passed_time":37.5737699,"remaining_time":80.58273921},
{"learn":[0.855015356],"iteration":318,"passed_time":37.70815354,"remaining_time":80.49922433},
{"learn":[0.8546553163],"iteration":319,"passed_time":37.81386327,"remaining_time":80.35445945},
{"learn":[0.8540815942],"iteration":320,"passed_time":37.91515985,"remaining_time":80.20060292},
{"learn":[0.8534031854],"iteration":321,"passed_time":38.0279964,"remaining_time":80.0713713},
{"learn":[0.8529737096],"iteration":322,"passed_time":38.12461587,"remaining_time":79.9082506},
{"learn":[0.8525228967],"iteration":323,"passed_time":38.24273393,"remaining_time":79.79039547},
{"learn":[0.8521122364],"iteration":324,"passed_time":38.36787999,"remaining_time":79.68713536},
{"learn":[0.8514722712],"iteration":325,"passed_time":38.50313835,"remaining_time":79.60464799},
{"learn":[0.8510407992],"iteration":326,"passed_time":38.62538766,"remaining_time":79.49506391},
{"learn":[0.8507520039],"iteration":327,"passed_time":38.71757802,"remaining_time":79.32381839},
{"learn":[0.8503168902],"iteration":328,"passed_time":38.82640547,"remaining_time":79.18698503},
{"learn":[0.8496216747],"iteration":329,"passed_time":38.97799883,"remaining_time":79.13714914},
{"learn":[0.8492244081],"iteration":330,"passed_time":39.08058536,"remaining_time":78.98764836},
{"learn":[0.8488479969],"iteration":331,"passed_time":39.19825499,"remaining_time":78.86877811},
{"learn":[0.8481146684],"iteration":332,"passed_time":39.31432087,"remaining_time":78.74670277},
{"learn":[0.8475191478],"iteration":333,"passed_time":39.4209692,"remaining_time":78.60588468},
{"learn":[0.8471002805],"iteration":334,"passed_time":39.53490431,"remaining_time":78.47973543},
{"learn":[0.8461430773],"iteration":335,"passed_time":39.67359589,"remaining_time":78.40258236},
{"learn":[0.8456131434],"iteration":336,"passed_time":39.77859226,"remaining_time":78.25877349},
{"learn":[0.8452422292],"iteration":337,"passed_time":39.89162977,"remaining_time":78.13094352},
{"learn":[0.8448834693],"iteration":338,"passed_time":39.99589686,"remaining_time":77.98609979},
{"learn":[0.8446870371],"iteration":339,"passed_time":40.11857418,"remaining_time":77.87723223},
{"learn":[0.8441105537],"iteration":340,"passed_time":40.22490191,"remaining_time":77.73668727},
{"learn":[0.843192932],"iteration":341,"passed_time":40.33319636,"remaining_time":77.60012634},
{"learn":[0.8427737859],"iteration":342,"passed_time":40.43502831,"remaining_time":77.45135161},
{"learn":[0.8421467357],"iteration":343,"passed_time":40.53858326,"remaining_time":77.30613552},
{"learn":[0.8417870387],"iteration":344,"passed_time":40.65555057,"remaining_time":77.18662499},
{"learn":[0.8412274134],"iteration":345,"passed_time":40.78049815,"remaining_time":77.08221327},
{"learn":[0.8407244831],"iteration":346,"passed_time":40.89108754,"remaining_time":76.95066329},
{"learn":[0.8404024935],"iteration":347,"passed_time":40.98622367,"remaining_time":76.79028112},
{"learn":[0.8396765739],"iteration":348,"passed_time":41.11363329,"remaining_time":76.69047355},
{"learn":[0.8388015267],"iteration":349,"passed_time":41.25517098,"remaining_time":76.6167461},
{"learn":[0.8383928726],"iteration":350,"passed_time":41.3667618,"remaining_time":76.48726042},
{"learn":[0.8378677019],"iteration":351,"passed_time":41.49398306,"remaining_time":76.38665063},
{"learn":[0.8370818226],"iteration":352,"passed_time":41.59710913,"remaining_time":76.24172694},
{"learn":[0.8364367312],"iteration":353,"passed_time":41.71127921,"remaining_time":76.11719314},
{"learn":[0.8360755124],"iteration":354,"passed_time":41.80799513,"remaining_time":75.96100523},
{"learn":[0.8354861265],"iteration":355,"passed_time":41.92110679,"remaining_time":75.83481117},
{"learn":[0.8350492055],"iteration":356,"passed_time":42.03644114,"remaining_time":75.7126937},
{"learn":[0.8346676208],"iteration":357,"passed_time":42.14888627,"remaining_time":75.58543292},
{"learn":[0.8340315406],"iteration":358,"passed_time":42.2474962,"remaining_time":75.43355171},
{"learn":[0.8336199204],"iteration":359,"passed_time":42.35552362,"remaining_time":75.29870865},
{"learn":[0.8332863958],"iteration":360,"passed_time":42.47075638,"remaining_time":75.17676822},
{"learn":[0.83284051],"iteration":361,"passed_time":42.58201357,"remaining_time":75.04785818},
{"learn":[0.8324262435],"iteration":362,"passed_time":42.68727445,"remaining_time":74.90852293},
{"learn":[0.8318675199],"iteration":363,"passed_time":42.80167425,"remaining_time":74.78534293},
{"learn":[0.8312209062],"iteration":364,"passed_time":42.91600972,"remaining_time":74.66209911},
{"learn":[0.8307342492],"iteration":365,"passed_time":43.03341436,"remaining_time":74.54422051},
{"learn":[0.8302358904],"iteration":366,"passed_time":43.15503618,"remaining_time":74.43361826},
{"learn":[0.8297665632],"iteration":367,"passed_time":43.27963292,"remaining_time":74.32806522},
{"learn":[0.8292843429],"iteration":368,"passed_time":43.40268983,"remaining_time":74.21977583},
{"learn":[0.8287456875],"iteration":369,"passed_time":43.51750338,"remaining_time":74.09737063},
{"learn":[0.8279872181],"iteration":370,"passed_time":43.63142981,"remaining_time":73.97350229},
{"learn":[0.8276659119],"iteration":371,"passed_time":43.74097585,"remaining_time":73.84229257},
{"learn":[0.8267878051],"iteration":372,"passed_time":43.85746631,"remaining_time":73.72287232},
{"learn":[0.8261197073],"iteration":373,"passed_time":43.99073896,"remaining_time":73.63155773},
{"learn":[0.825557102],"iteration":374,"passed_time":44.09654611,"remaining_time":73.49424351},
{"learn":[0.8252384893],"iteration":375,"passed_time":44.2070051,"remaining_time":73.36481697},
{"learn":[0.8249111907],"iteration":376,"passed_time":44.31763755,"remaining_time":73.23577771},
{"learn":[0.8243297389],"iteration":377,"passed_time":44.42479358,"remaining_time":73.10111536},
{"learn":[0.8239247511],"iteration":378,"passed_time":44.543811,"remaining_time":72.98603333},
{"learn":[0.823512042],"iteration":379,"passed_time":44.65037087,"remaining_time":72.85060511},
{"learn":[0.8232164151],"iteration":380,"passed_time":44.74526375,"remaining_time":72.69637339},
{"learn":[0.8228481828],"iteration":381,"passed_time":44.84474636,"remaining_time":72.54987763},
{"learn":[0.8224589081],"iteration":382,"passed_time":44.94063706,"remaining_time":72.39784091},
{"learn":[0.8221182247],"iteration":383,"passed_time":45.05151018,"remaining_time":72.27013092},
{"learn":[0.821702871],"iteration":384,"passed_time":45.17853926,"remaining_time":72.16831597},
{"learn":[0.8212021958],"iteration":385,"passed_time":45.28392039,"remaining_time":72.03193554},
{"learn":[0.8207804292],"iteration":386,"passed_time":45.39966544,"remaining_time":71.91213156},
{"learn":[0.8200421505],"iteration":387,"passed_time":45.52547492,"remaining_time":71.80822332},
{"learn":[0.819546624],"iteration":388,"passed_time":45.64929024,"remaining_time":71.70107028},
{"learn":[0.8189277084],"iteration":389,"passed_time":45.75061581,"remaining_time":71.5586555},
{"learn":[0.8185319488],"iteration":390,"passed_time":45.8748195,"remaining_time":71.4520846},
{"learn":[0.8182361176],"iteration":391,"passed_time":45.96616083,"remaining_time":71.29445354},
{"learn":[0.8177528888],"iteration":392,"passed_time":46.06726485,"remaining_time":71.15223858},
{"learn":[0.8174692096],"iteration":393,"passed_time":46.19020497,"remaining_time":71.04381779},
{"learn":[0.8169625149],"iteration":394,"passed_time":46.31240036,"remaining_time":70.93418282},
{"learn":[0.8166323739],"iteration":395,"passed_time":46.41837877,"remaining_time":70.79974943},
{"learn":[0.8160265307],"iteration":396,"passed_time":46.52778066,"remaining_time":70.6706593},
{"learn":[0.815526267],"iteration":397,"passed_time":46.6490265,"remaining_time":70.55958279},
{"learn":[0.8151535924],"iteration":398,"passed_time":46.75375295,"remaining_time":70.42357274},
{"learn":[0.8145842603],"iteration":399,"passed_time":46.86373238,"remaining_time":70.29559858},
{"learn":[0.8140941936],"iteration":400,"passed_time":46.96521787,"remaining_time":70.15502619},
{"learn":[0.8134727517],"iteration":401,"passed_time":47.07162385,"remaining_time":70.02196781},
{"learn":[0.8130526703],"iteration":402,"passed_time":47.21987543,"remaining_time":69.95103134},
{"learn":[0.8126495153],"iteration":403,"passed_time":47.33775585,"remaining_time":69.83490715},
{"learn":[0.8120834604],"iteration":404,"passed_time":47.48323486,"remaining_time":69.75932034},
{"learn":[0.8113360888],"iteration":405,"passed_time":47.62327663,"remaining_time":69.67543428},
{"learn":[0.8110838478],"iteration":406,"passed_time":47.72959964,"remaining_time":69.54214395},
{"learn":[0.8107006559],"iteration":407,"passed_time":47.83732363,"remaining_time":69.4110186},
{"learn":[0.8100911088],"iteration":408,"passed_time":47.94137741,"remaining_time":69.27470427},
{"learn":[0.809719344],"iteration":409,"passed_time":48.04445202,"remaining_time":69.13713827},
{"learn":[0.8089968962],"iteration":410,"passed_time":48.16178134,"remaini,
{"learn":[0.8164483,
{"learn":[0.8084296769],"iteration":411,"passed_time":48.29928613,"remaining_time":68.93199089},
{"learn":[0.8079964963],"iteration":412,"passed_time":48.41860441,"remaining_time":68.81772589},
{"learn":[0.8077181728],"iteration":413,"passed_time":48.53441767,"remaining_time":68.69847526},
{"learn":[0.8070333176],"iteration":414,"passed_time":48.65890072,"remaining_time":68.59146246},
{"learn":[0.8063180554],"iteration":415,"passed_time":48.78833098,"remaining_time":68.4913108},
{"learn":[0.8059950208],"iteration":416,"passed_time":48.91557429,"remaining_time":68.38796118},
{"learn":[0.8055708728],"iteration":417,"passed_time":49.04514624,"remaining_time":68.2877395},
{"learn":[0.8051573362],"iteration":418,"passed_time":49.16133498,"remaining_time":68.1688201},
{"learn":[0.8045355556],"iteration":419,"passed_time":49.27958317,"remaining_time":68.05275771},
{"learn":[0.8041676861],"iteration":420,"passed_time":49.4118332,"remaining_time":67.95594162},
{"learn":[0.8034655754],"iteration":421,"passed_time":49.53625389,"remaining_time":67.848234},
{"learn":[0.8030079178],"iteration":422,"passed_time":49.66008146,"remaining_time":67.7396383},
{"learn":[0.8026198199],"iteration":423,"passed_time":49.79817431,"remaining_time":67.65035},
{"learn":[0.8020280349],"iteration":424,"passed_time":49.90599543,"remaining_time":67.51987616},
{"learn":[0.8016751887],"iteration":425,"passed_time":50.04535866,"remaining_time":67.43200908},
{"learn":[0.8011406058],"iteration":426,"passed_time":50.16574636,"remaining_time":67.31843715},
{"learn":[0.8006958592],"iteration":427,"passed_time":50.26898294,"remaining_time":67.18191179},
{"learn":[0.8003133146],"iteration":428,"passed_time":50.38388538,"remaining_time":67.06106889},
{"learn":[0.8000675454],"iteration":429,"passed_time":50.49486641,"remaining_time":66.93505548},
{"learn":[0.7995788448],"iteration":430,"passed_time":50.65426341,"remaining_time":66.87302989},
{"learn":[0.7992289887],"iteration":431,"passed_time":50.76621989,"remaining_time":66.748178},
{"learn":[0.7988026356],"iteration":432,"passed_time":50.87222288,"remaining_time":66.61558977},
{"learn":[0.7983920761],"iteration":433,"passed_time":50.97961854,"remaining_time":66.48494031},
{"learn":[0.798168857],"iteration":434,"passed_time":51.11821742,"remaining_time":66.39492607},
{"learn":[0.7978921361],"iteration":435,"passed_time":51.23257606,"remaining_time":66.27333233},
{"learn":[0.7973241618],"iteration":436,"passed_time":51.36488038,"remaining_time":66.17489166},
{"learn":[0.7968534353],"iteration":437,"passed_time":51.4879479,"remaining_time":66.06444457},
{"learn":[0.7962207141],"iteration":438,"passed_time":51.59943121,"remaining_time":65.93913647},
{"learn":[0.7958563003],"iteration":439,"passed_time":51.70819706,"remaining_time":65.81043262},
{"learn":[0.795194096],"iteration":440,"passed_time":51.82954489,"remaining_time":65.69776779},
{"learn":[0.794768008],"iteration":441,"passed_time":51.94790146,"remaining_time":65.58128736},
{"learn":[0.794368248],"iteration":442,"passed_time":52.05902921,"remaining_time":65.45570942},
{"learn":[0.7938133068],"iteration":443,"passed_time":52.1648182,"remaining_time":65.32351108},
{"learn":[0.7932285473],"iteration":444,"passed_time":52.27930439,"remaining_time":65.20227851},
{"learn":[0.7928941794],"iteration":445,"passed_time":52.41009383,"remaining_time":65.10132731},
{"learn":[0.7926434836],"iteration":446,"passed_time":52.52750809,"remaining_time":64.98369569},
{"learn":[0.7924308206],"iteration":447,"passed_time":52.61050319,"remaining_time":64.82365571},
{"learn":[0.7919803343],"iteration":448,"passed_time":52.72731466,"remaining_time":64.70545741},
{"learn":[0.7915130363],"iteration":449,"passed_time":52.85028249,"remaining_time":64.59478971},
{"learn":[0.7912762951],"iteration":450,"passed_time":52.96781287,"remaining_time":64.47744848},
{"learn":[0.7909997095],"iteration":451,"passed_time":53.07361438,"remaining_time":64.34588646},
{"learn":[0.7904393703],"iteration":452,"passed_time":53.17920247,"remaining_time":64.21418047},
{"learn":[0.7900539515],"iteration":453,"passed_time":53.28855756,"remaining_time":64.08711989},
{"learn":[0.7894849385],"iteration":454,"passed_time":53.39508494,"remaining_time":63.95675009},
{"learn":[0.7890491591],"iteration":455,"passed_time":53.51421464,"remaining_time":63.84151922},
{"learn":[0.7886255621],"iteration":456,"passed_time":53.65031258,"remaining_time":63.74643267},
{"learn":[0.7879773541],"iteration":457,"passed_time":53.74391353,"remaining_time":63.60087584},
{"learn":[0.7876034525],"iteration":458,"passed_time":53.85336071,"remaining_time":63.47422254},
{"learn":[0.7872512913],"iteration":459,"passed_time":53.97698187,"remaining_time":63.36428306},
{"learn":[0.7869261113],"iteration":460,"passed_time":54.09467229,"remaining_time":63.24735003},
{"learn":[0.7863768047],"iteration":461,"passed_time":54.19757166,"remaining_time":63.1131895},
{"learn":[0.7859610337],"iteration":462,"passed_time":54.31774804,"remaining_time":62.99920237},
{"learn":[0.7853877133],"iteration":463,"passed_time":54.44966085,"remaining_time":62.89874616},
{"learn":[0.785067981],"iteration":464,"passed_time":54.56138381,"remaining_time":62.77492546},
{"learn":[0.784708826],"iteration":465,"passed_time":54.67064494,"remaining_time":62.64833561},
{"learn":[0.7841368565],"iteration":466,"passed_time":54.78184357,"remaining_time":62.52403131},
{"learn":[0.7835037992],"iteration":467,"passed_time":54.90923063,"remaining_time":62.41818524},
{"learn":[0.7830449062],"iteration":468,"passed_time":55.04321863,"remaining_time":62.31972088},
{"learn":[0.7824141754],"iteration":469,"passed_time":55.13033876,"remaining_time":62.16825434},
{"learn":[0.7817752411],"iteration":470,"passed_time":55.22304042,"remaining_time":62.0233299},
{"learn":[0.7810037696],"iteration":471,"passed_time":55.33098255,"remaining_time":61.8956754},
{"learn":[0.7807229297],"iteration":472,"passed_time":55.45065835,"remaining_time":61.78117748},
{"learn":[0.7802230965],"iteration":473,"passed_time":55.56498513,"remaining_time":61.66072189},
{"learn":[0.7796775291],"iteration":474,"passed_time":55.68835589,"remaining_time":61.55028809},
{"learn":[0.7791657752],"iteration":475,"passed_time":55.79424074,"remaining_time":61.42055073},
{"learn":[0.7788966207],"iteration":476,"passed_time":55.90329837,"remaining_time":61.29439213},
{"learn":[0.7784026403],"iteration":477,"passed_time":56.0078702,"remaining_time":61.16340637},
{"learn":[0.7780863355],"iteration":478,"passed_time":56.11124465,"remaining_time":61.03122852},
{"learn":[0.7777168709],"iteration":479,"passed_time":56.23377903,"remaining_time":60.91992728},
{"learn":[0.7771954511],"iteration":480,"passed_time":56.34498826,"remaining_time":60.79635947},
{"learn":[0.7769490811],"iteration":481,"passed_time":56.44981942,"remaining_time":60.66598851},
{"learn":[0.7766118982],"iteration":482,"passed_time":56.56092536,"remaining_time":60.54243978},
{"learn":[0.7759470438],"iteration":483,"passed_time":56.67543736,"remaining_time":60.42257372},
{"learn":[0.7757165585],"iteration":484,"passed_time":56.78012203,"remaining_time":60.29229453},
{"learn":[0.7754359744],"iteration":485,"passed_time":56.87321235,"remaining_time":60.14985833},
{"learn":[0.7750612178],"iteration":486,"passed_time":56.97308543,"remaining_time":60.01476966},
{"learn":[0.7746308038],"iteration":487,"passed_time":57.09119573,"remaining_time":59.89895945},
{"learn":[0.774292479],"iteration":488,"passed_time":57.18111946,"remaining_time":59.75368517},
{"learn":[0.7739765944],"iteration":489,"passed_time":57.31240423,"remaining_time":59.65168603},
{"learn":[0.773669428],"iteration":490,"passed_time":57.42858792,"remaining_time":59.53391294},
{"learn":[0.7733680364],"iteration":491,"passed_time":57.54540271,"remaining_time":59.41679792},
{"learn":[0.7731543306],"iteration":492,"passed_time":57.6590704,"remaining_time":59.29644766},
{"learn":[0.7728126146],"iteration":493,"passed_time":57.77680301,"remaining_time":59.1802881},
{"learn":[0.7725341043],"iteration":494,"passed_time":57.88410124,"remaining_time":59.05347702},
{"learn":[0.7723524299],"iteration":495,"passed_time":58.00565851,"remaining_time":58.94123365},
{"learn":[0.7716190497],"iteration":496,"passed_time":58.1206813,"remaining_time":58.82233943},
{"learn":[0.7709434483],"iteration":497,"passed_time":58.238707,"remaining_time":58.70648778},
{"learn":[0.770465319],"iteration":498,"passed_time":58.35528989,"remaining_time":58.58917882},
{"learn":[0.7702767907],"iteration":499,"passed_time":58.4641772,"remaining_time":58.4641772},
{"learn":[0.7692236128],"iteration":500,"passed_time":58.59139611,"remaining_time":58.35749832},
{"learn":[0.768640228],"iteration":501,"passed_time":58.72181253,"remaining_time":58.25390964},
{"learn":[0.7678989574],"iteration":502,"passed_time":58.83068486,"remaining_time":58.12892719},
{"learn":[0.7676051647],"iteration":503,"passed_time":58.93165008,"remaining_time":57.99622706},
{"learn":[0.7673225758],"iteration":504,"passed_time":59.03830185,"remaining_time":57.86922656},
{"learn":[0.7668484128],"iteration":505,"passed_time":59.16873637,"remaining_time":57.76552523},
{"learn":[0.7664158441],"iteration":506,"passed_time":59.27289938,"remaining_time":57.63617238},
{"learn":[0.7660922067],"iteration":507,"passed_time":59.39030571,"remaining_time":57.5197449},
{"learn":[0.7659528084],"iteration":508,"passed_time":59.48570123,"remaining_time":57.38208115},
{"learn":[0.7653650194],"iteration":509,"passed_time":59.59536472,"remaining_time":57.25829159},
{"learn":[0.7650443432],"iteration":510,"passed_time":59.70962208,"remaining_time":57.13895342},
{"learn":[0.7647652111],"iteration":511,"passed_time":59.82275238,"remaining_time":57.01856087},
{"learn":[0.7642846175],"iteration":512,"passed_time":59.93603559,"remaining_time":56.89834178},
{"learn":[0.7639497194],"iteration":513,"passed_time":60.04910105,"remaining_time":56.7779438},
{"learn":[0.7635892201],"iteration":514,"passed_time":60.17033012,"remaining_time":56.66526235},
{"learn":[0.7633733939],"iteration":515,"passed_time":60.27499648,"remaining_time":56.5370122},
{"learn":[0.7629755193],"iteration":516,"passed_time":60.39567971,"remaining_time":56.42381683},
{"learn":[0.7623794321],"iteration":517,"passed_time":60.49743275,"remaining_time":56.29297796},
{"learn":[0.7619542542],"iteration":518,"passed_time":60.61686149,"remaining_time":56.17863271},
{"learn":[0.7616322419],"iteration":519,"passed_time":60.71751984,"remaining_time":56.04694139},
{"learn":[0.7609225668],"iteration":520,"passed_time":60.83770717,"remaining_time":55.93332387},
{"learn":[0.7605790624],"iteration":521,"passed_time":60.9654795,"remaining_time":55.82662683},
{"learn":[0.7603000792],"iteration":522,"passed_time":61.07318987,"remaining_time":55.70155176},
{"learn":[0.7599781213],"iteration":523,"passed_time":61.18475084,"remaining_time":55.58004084},
{"learn":[0.7593157929],"iteration":524,"passed_time":61.28023692,"remaining_time":55.44402388},
{"learn":[0.7588022586],"iteration":525,"passed_time":61.41354909,"remaining_time":55.34224766},
{"learn":[0.7585965119],"iteration":526,"passed_time":61.51961968,"remaining_time":55.21590154},
{"learn":[0.7583559078],"iteration":527,"passed_time":61.63488231,"remaining_time":55.09784934},
{"learn":[0.7579366876],"iteration":528,"passed_time":61.7404204,"remaining_time":54.97114936},
{"learn":[0.7574344994],"iteration":529,"passed_time":61.85044325,"remaining_time":54.84850628},
{"learn":[0.756886432],"iteration":530,"passed_time":61.96108712,"remaining_time":54.72645925},
{"learn":[0.7565185508],"iteration":531,"passed_time":62.07512965,"remaining_time":54.60744488},
{"learn":[0.7561536437],"iteration":532,"passed_time":62.17280616,"remaining_time":54.47410971},
{"learn":[0.7556662832],"iteration":533,"passed_time":62.2738276,"remaining_time":54.34382708},
{"learn":[0.7553653686],"iteration":534,"passed_time":62.38241068,"remaining_time":54.2202261},
{"learn":[0.7550386645],"iteration":535,"passed_time":62.50754835,"remaining_time":54.11101201},
{"learn":[0.7547992226],"iteration":536,"passed_time":62.60192181,"remaining_time":53.97521378},
{"learn":[0.7542638187],"iteration":537,"passed_time":62.71564023,"remaining_time":53.85618176},
{"learn":[0.7537332272],"iteration":538,"passed_time":62.85591259,"remaining_time":53.75988071},
{"learn":[0.7533298911],"iteration":539,"passed_time":62.96208994,"remaining_time":53.63437291},
{"learn":[0.7531580077],"iteration":540,"passed_time":63.06596423,"remaining_time":53.50698259},
{"learn":[0.7528924897],"iteration":541,"passed_time":63.182171,"remaining_time":53.39010022},
{"learn":[0.752353358],"iteration":542,"passed_time":63.3085671,"remaining_time":53.28179588},
{"learn":[0.7520905965],"iteration":543,"passed_time":63.41556004,"remaining_time":53.15716062},
{"learn":[0.7518089972],"iteration":544,"passed_time":63.52246043,"remaining_time":53.03251284},
{"learn":[0.7514257548],"iteration":545,"passed_time":63.62924926,"remaining_time":52.90783729},
{"learn":[0.7510988464],"iteration":546,"passed_time":63.73140332,"remaining_time":52.77938886},
{"learn":[0.7506971663],"iteration":547,"passed_time":63.8548095,"remaining_time":52.6685655},
{"learn":[0.7503213745],"iteration":548,"passed_time":63.98246484,"remaining_time":52.56118696},
{"learn":[0.7498877414],"iteration":549,"passed_time":64.0827739,"remaining_time":52.43136046},
{"learn":[0.7494842908],"iteration":550,"passed_time":64.17743234,"remaining_time":52.29703652},
{"learn":[0.7491673737],"iteration":551,"passed_time":64.28914958,"remaining_time":52.17670111},
{"learn":[0.7488195472],"iteration":552,"passed_time":64.39843415,"remaining_time":52.05443049},
{"learn":[0.7484299779],"iteration":553,"passed_time":64.50962189,"remaining_time":51.93373893},
{"learn":[0.7479064667],"iteration":554,"passed_time":64.63145037,"remaining_time":51.82161336},
{"learn":[0.7475345799],"iteration":555,"passed_time":64.74182789,"remaining_time":51.7003086},
{"learn":[0.7471150261],"iteration":556,"passed_time":64.84826335,"remaining_time":51.57590783},
{"learn":[0.7468982195],"iteration":557,"passed_time":64.95830067,"remaining_time":51.45442455},
{"learn":[0.7466027325],"iteration":558,"passed_time":65.05672945,"remaining_time":51.32382413},
{"learn":[0.7463133074],"iteration":559,"passed_time":65.17474821,"remaining_time":51.20873074},
{"learn":[0.7457054713],"iteration":560,"passed_time":65.30292233,"remaining_time":51.1015738},
{"learn":[0.7453975685],"iteration":561,"passed_time":65.42844955,"remaining_time":50.99227918},
{"learn":[0.7447442701],"iteration":562,"passed_time":65.53067866,"remaining_time":50.86484294},
{"learn":[0.7445622605],"iteration":563,"passed_time":65.63717214,"remaining_time":50.74079265},
{"learn":[0.7442233544],"iteration":564,"passed_time":65.76521406,"remaining_time":50.6333949},
{"learn":[0.7438495542],"iteration":565,"passed_time":65.85800231,"remaining_time":50.49889223},
{"learn":[0.7433901969],"iteration":566,"passed_time":65.96838924,"remaining_time":50.37797627},
{"learn":[0.7431540606],"iteration":567,"passed_time":66.09505631,"remaining_time":50.26947944},
{"learn":[0.7425311018],"iteration":568,"passed_time":66.21275526,"remaining_time":50.15412569},
{"learn":[0.7423239181],"iteration":569,"passed_time":66.29961675,"remaining_time":50.01550036},
{"learn":[0.7419469284],"iteration":570,"passed_time":66.39904866,"remaining_time":49.88650066},
{"learn":[0.7415208759],"iteration":571,"passed_time":66.51481231,"remaining_time":49.76982459},
{"learn":[0.7412787899],"iteration":572,"passed_time":66.63025506,"remaining_time":49.65291258},
{"learn":[0.7410138102],"iteration":573,"passed_time":66.75607518,"remaining_time":49.54370736},
{"learn":[0.7407786819],"iteration":574,"passed_time":66.90924935,"remaining_time":49.45466256},
{"learn":[0.7404397237],"iteration":575,"passed_time":67.02338136,"remaining_time":49.33665573},
{"learn":[0.7399041166],"iteration":576,"passed_time":67.14715858,"remaining_time":49.22573324},
{"learn":[0.7396325375],"iteration":577,"passed_time":67.26241601,"remaining_time":49.10854595},
{"learn":[0.7393526968],"iteration":578,"passed_time":67.37644881,"remaining_time":48.99047487},
{"learn":[0.7388770663],"iteration":579,"passed_time":67.50185902,"remaining_time":48.88065653},
{"learn":[0.7385066148],"iteration":580,"passed_time":67.60823728,"remaining_time":48.75705924},
{"learn":[0.7379212212],"iteration":581,"passed_time":67.75247256,"remaining_time":48.66071053},
{"learn":[0.7375193238],"iteration":582,"passed_time":67.8472246,"remaining_time":48.52880387},
{"learn":[0.7372582351],"iteration":583,"passed_time":67.96982824,"remaining_time":48.41686395},
{"learn":[0.7367593076],"iteration":584,"passed_time":68.09108808,"remaining_time":48.30393428},
{"learn":[0.7360734115],"iteration":585,"passed_time":68.22283672,"remaining_time":48.19838635},
{"learn":[0.7356866029],"iteration":586,"passed_time":68.3283532,"remaining_time":48.0742928},
{"learn":[0.7352153744],"iteration":587,"passed_time":68.43355184,"remaining_time":47.95003972},
{"learn":[0.7349058274],"iteration":588,"passed_time":68.53595284,"remaining_time":47.82389918},
{"learn":[0.7344997077],"iteration":589,"passed_time":68.65099241,"remaining_time":47.70662184},
{"learn":[0.7340212739],"iteration":590,"passed_time":68.76673086,"remaining_time":47.58983574},
{"learn":[0.733698917],"iteration":591,"passed_time":68.87713274,"remaining_time":47.46937527},
{"learn":[0.7334512136],"iteration":592,"passed_time":69.00027889,"remaining_time":47.35769563},
{"learn":[0.7332383396],"iteration":593,"passed_time":69.0950443,"remaining_time":47.2265791},
{"learn":[0.7328652965],"iteration":594,"passed_time":69.20789616,"remaining_time":47.1078957},
{"learn":[0.7326445138],"iteration":595,"passed_time":69.31742102,"remaining_time":46.98697667},
{"learn":[0.7322014365],"iteration":596,"passed_time":69.42996956,"remaining_time":46.8681369},
{"learn":[0.7317835288],"iteration":597,"passed_time":69.55169069,"remaining_time":46.75548438},
{"learn":[0.7316060499],"iteration":598,"passed_time":69.65383212,"remaining_time":46.62969396},
{"learn":[0.7312617519],"iteration":599,"passed_time":69.77531397,"remaining_time":46.51687598},
{"learn":[0.7307313619],"iteration":600,"passed_time":69.8989202,"remaining_time":46.40543953},
{"learn":[0.7301703163],"iteration":601,"passed_time":70.0167664,"remaining_time":46.29015453},
{"learn":[0.7298611364],"iteration":602,"passed_time":70.12097908,"remaining_time":46.16588507},
{"learn":[0.7294654995],"iteration":603,"passed_time":70.22188213,"remaining_time":46.03951213},
{"learn":[0.7292702572],"iteration":604,"passed_time":70.3322723,"remaining_time":45.91941745},
{"learn":[0.7289876967],"iteration":605,"passed_time":70.44725966,"remaining_time":45.80234374},
{"learn":[0.7284563363],"iteration":606,"passed_time":70.55985243,"remaining_time":45.68372653},
{"learn":[0.7281292089],"iteration":607,"passed_time":70.67201778,"remaining_time":45.56485357},
{"learn":[0.7279368241],"iteration":608,"passed_time":70.78004692,"remaining_time":45.44334704},
{"learn":[0.7275424028],"iteration":609,"passed_time":70.88834818,"remaining_time":45.32205867},
{"learn":[0.7273030848],"iteration":610,"passed_time":70.98811554,"remaining_time":45.19537961},
{"learn":[0.726856506],"iteration":611,"passed_time":71.11951833,"remaining_time":45.08884495},
{"learn":[0.7263108273],"iteration":612,"passed_time":71.2277444,"remaining_time":44.9675972},
{"learn":[0.7260313128],"iteration":613,"passed_time":71.33226015,"remaining_time":44.84405931},
{"learn":[0.7255024937],"iteration":614,"passed_time":71.46460201,"remaining_time":44.73800288},
{"learn":[0.7251916322],"iteration":615,"passed_time":71.56194162,"remaining_time":44.61004153},
{"learn":[0.7248683459],"iteration":616,"passed_time":71.6687702,"remaining_time":44.48806967},
{"learn":[0.7246145082],"iteration":617,"passed_time":71.78590892,"remaining_time":44.37251976},
{"learn":[0.7244102579],"iteration":618,"passed_time":71.87331206,"remaining_time":44.23866219},
{"learn":[0.7241356981],"iteration":619,"passed_time":71.98352618,"remaining_time":44.1189354},
{"learn":[0.7239590627],"iteration":620,"passed_time":72.09576823,"remaining_time":44.00047691},
{"learn":[0.7236909873],"iteration":621,"passed_time":72.21357269,"remaining_time":43.88541877},
{"learn":[0.7233869915],"iteration":622,"passed_time":72.34272284,"remaining_time":43.77721751},
{"learn":[0.7232010065],"iteration":623,"passed_time":72.45102832,"remaining_time":43.65638886},
{"learn":[0.7226720531],"iteration":624,"passed_time":72.5663222,"remaining_time":43.53979332},
{"learn":[0.722216614],"iteration":625,"passed_time":72.68656083,"remaining_time":43.42615615},
{"learn":[0.721817849],"iteration":626,"passed_time":72.79820939,"remaining_time":43.30738772},
{"learn":[0.7214418469],"iteration":627,"passed_time":72.930923,"remaining_time":43.20111999},
{"learn":[0.7210463193],"iteration":628,"passed_time":73.04001579,"remaining_time":43.08083602},
{"learn":[0.7205226321],"iteration":629,"passed_time":73.15425724,"remaining_time":42.96361139},
{"learn":[0.72005],"iteration":630,"passed_time":73.29711306,"remaining_time":42.86312951},
{"learn":[0.719744833],"iteration":631,"passed_time":73.41502586,"remaining_time":42.74798974},
{"learn":[0.7194658697],"iteration":632,"passed_time":73.5305844,"remaining_time":42.63147626},
{"learn":[0.7188946271],"iteration":633,"passed_time":73.634793,"remaining_time":42.50841362},
{"learn":[0.7185094166],"iteration":634,"passed_time":73.75588301,"remaining_time":42.39511386},
{"learn":[0.7179220062],"iteration":635,"passed_time":73.86125678,"remaining_time":42.27279476},
{"learn":[0.7176618441],"iteration":636,"passed_time":73.97855912,"remaining_time":42.15732647},
{"learn":[0.7173284017],"iteration":637,"passed_time":74.09446992,"remaining_time":42.04106287},
{"learn":[0.7170700474],"iteration":638,"passed_time":74.20658067,"remaining_time":41.92265355},
{"learn":[0.7167982376],"iteration":639,"passed_time":74.30270122,"remaining_time":41.79526944},
{"learn":[0.716470517],"iteration":640,"passed_time":74.42859078,"remaining_time":41.68465537},
{"learn":[0.7162061972],"iteration":641,"passed_time":74.53351795,"remaining_time":41.5623044},
{"learn":[0.7157949206],"iteration":642,"passed_time":74.63861291,"remaining_time":41.44010079},
{"learn":[0.7155882006],"iteration":643,"passed_time":74.74065744,"remaining_time":41.31626405},
{"learn":[0.71530088],"iteration":644,"passed_time":74.82957684,"remaining_time":41.18527097},
{"learn":[0.7150790037],"iteration":645,"passed_time":74.97219824,"remaining_time":41.08383619},
{"learn":[0.7147319515],"iteration":646,"passed_time":75.06667031,"remaining_time":40.95600405},
{"learn":[0.7144303814],"iteration":647,"passed_time":75.17557448,"remaining_time":40.83611453},
{"learn":[0.7141923552],"iteration":648,"passed_time":75.29089274,"remaining_time":40.71972782},
{"learn":[0.7137373347],"iteration":649,"passed_time":75.42056321,"remaining_time":40.6110725},
{"learn":[0.7134119468],"iteration":650,"passed_time":75.52096316,"remaining_time":40.48666074},
{"learn":[0.7131482036],"iteration":651,"passed_time":75.63707852,"remaining_time":40.37071062},
{"learn":[0.7127212172],"iteration":652,"passed_time":75.7456891,"remaining_time":40.250772},
{"learn":[0.7122793843],"iteration":653,"passed_time":75.87576631,"remaining_time":40.14222499},
{"learn":[0.7119447963],"iteration":654,"passed_time":75.9848855,"remaining_time":40.02257328},
{"learn":[0.7114793861],"iteration":655,"passed_time":76.09509336,"remaining_time":39.90352457},
{"learn":[0.7112099476],"iteration":656,"passed_time":76.20198778,"remaining_time":39.78277292},
{"learn":[0.7109789351],"iteration":657,"passed_time":76.37531378,"remaining_time":39.69659166},
{"learn":[0.71055175],"iteration":658,"passed_time":76.50974561,"remaining_time":39.59002011},
{"learn":[0.7101232178],"iteration":659,"passed_time":76.63920996,"remaining_time":39.48080513},
{"learn":[0.7098824246],"iteration":660,"passed_time":76.74387018,"remaining_time":39.35880785},
{"learn":[0.7094853924],"iteration":661,"passed_time":76.85966652,"remaining_time":39.24254877},
{"learn":[0.7091288475],"iteration":662,"passed_time":76.96143299,"remaining_time":39.11915976},
{"learn":[0.7087553482],"iteration":663,"passed_time":77.06726936,"remaining_time":38.99789534},
{"learn":[0.7082692214],"iteration":664,"passed_time":77.1841122,"remaining_time":38.88222194},
{"learn":[0.7078915678],"iteration":665,"passed_time":77.30476804,"remaining_time":38.76845725},
{"learn":[0.7076462186],"iteration":666,"passed_time":77.42869194,"remaining_time":38.65630347},
{"learn":[0.7074006369],"iteration":667,"passed_time":77.53782843,"remaining_time":38.53676503},
{"learn":[0.7070613186],"iteration":668,"passed_time":77.65399878,"remaining_time":38.42073781},
{"learn":[0.7067450449],"iteration":669,"passed_time":77.77574117,"remaining_time":38.30745461},
{"learn":[0.7063630648],"iteration":670,"passed_time":77.89607341,"remaining_time":38.19345477},
{"learn":[0.7059399249],"iteration":671,"passed_time":78.028684,"remaining_time":38.08542909},
{"learn":[0.7056609885],"iteration":672,"passed_time":78.12011768,"remaining_time":37.95732315},
{"learn":[0.7053896112],"iteration":673,"passed_time":78.24973273,"remaining_time":37.84779357},
{"learn":[0.7049459464],"iteration":674,"passed_time":78.3758556,"remaining_time":37.73652307},
{"learn":[0.7044376103],"iteration":675,"passed_time":78.50282956,"remaining_time":37.62561653},
{"learn":[0.7038864595],"iteration":676,"passed_time":78.6224607,"remaining_time":37.51115924},
{"learn":[0.7036285807],"iteration":677,"passed_time":78.73788934,"remaining_time":37.39469081},
{"learn":[0.7034262478],"iteration":678,"passed_time":78.84357895,"remaining_time":37.27362127},
{"learn":[0.7029400112],"iteration":679,"passed_time":78.96630348,"remaining_time":37.1606134},
{"learn":[0.7024160975],"iteration":680,"passed_time":79.09514207,"remaining_time":37.050441},
{"learn":[0.7021962818],"iteration":681,"passed_time":79.21240826,"remaining_time":36.93481793},
{"learn":[0.7018984213],"iteration":682,"passed_time":79.32018198,"remaining_time":36.81478432},
{"learn":[0.7017065239],"iteration":683,"passed_time":79.4191729,"remaining_time":36.690729},
{"learn":[0.7014186817],"iteration":684,"passed_time":79.52404037,"remaining_time":36.56944922},
{"learn":[0.7010937343],"iteration":685,"passed_time":79.64442304,"remaining_time":36.455319},
{"learn":[0.7007894532],"iteration":686,"passed_time":79.74971486,"remaining_time":36.33429513},
{"learn":[0.7005311095],"iteration":687,"passed_time":79.87170702,"remaining_time":36.22089039},
{"learn":[0.7001164815],"iteration":688,"passed_time":79.97585695,"remaining_time":36.09940713},
{"learn":[0.6998280626],"iteration":689,"passed_time":80.09346699,"remaining_time":35.9840214},
{"learn":[0.6994572302],"iteration":690,"passed_time":80.2010012,"remaining_time":35.86412355},
{"learn":[0.698937619],"iteration":691,"passed_time":80.2998819,"remaining_time":35.74040986},
{"learn":[0.6985839249],"iteration":692,"passed_time":80.40868445,"remaining_time":35.62116324},
{"learn":[0.6983523366],"iteration":693,"passed_time":80.51354377,"remaining_time":35.50020806},
{"learn":[0.6979347154],"iteration":694,"passed_time":80.63174935,"remaining_time":35.38515619},
{"learn":[0.6978064694],"iteration":695,"passed_time":80.7530226,"remaining_time":35.27143516},
{"learn":[0.6973868895],"iteration":696,"passed_time":80.84756323,"remaining_time":35.14607124},
{"learn":[0.6967842161],"iteration":697,"passed_time":80.9570615,"remaining_time":35.0272673},
{"learn":[0.6965619053],"iteration":698,"passed_time":81.06645719,"remaining_time":34.9084458},
{"learn":[0.696249415],"iteration":699,"passed_time":81.22721803,"remaining_time":34.81166487},
{"learn":[0.6958528443],"iteration":700,"passed_time":81.35113319,"remaining_time":34.69898548},
{"learn":[0.6955814637],"iteration":701,"passed_time":81.48271297,"remaining_time":34.58952773},
{"learn":[0.695109596],"iteration":702,"passed_time":81.6025978,"remaining_time":34.47506621},
{"learn":[0.6948913417],"iteration":703,"passed_time":81.68965747,"remaining_time":34.3467878},
{"learn":[0.6944867087],"iteration":704,"passed_time":81.8038697,"remaining_time":34.22998803},
{"learn":[0.6941949203],"iteration":705,"passed_time":81.9103072,"remaining_time":34.10995795},
{"learn":[0.6935470794],"iteration":706,"passed_time":82.05151265,"remaining_time":34.00437512},
{"learn":[0.6932296351],"iteration":707,"passed_time":82.152839,"remaining_time":33.88224433},
{"learn":[0.6930752179],"iteration":708,"passed_time":82.24122639,"remaining_time":33.75486161},
{"learn":[0.6927412404],"iteration":709,"passed_time":82.35481611,"remaining_time":33.63788264},
{"learn":[0.6925302089],"iteration":710,"passed_time":82.48106862,"remaining_time":33.52606024},
{"learn":[0.6922613268],"iteration":711,"passed_time":82.58667117,"remaining_time":33.40584452},
{"learn":[0.6918992375],"iteration":712,"passed_time":82.69593381,"remaining_time":33.28714306},
{"learn":[0.6916656526],"iteration":713,"passed_time":82.80153801,"remaining_time":33.16700262},
{"learn":[0.6911331863],"iteration":714,"passed_time":82.9164631,"remaining_time":33.05061816},
{"learn":[0.6907690319],"iteration":715,"passed_time":83.03905629,"remaining_time":32.93727931},
{"learn":[0.690246277],"iteration":716,"passed_time":83.1525792,"remaining_time":32.82033461},
{"learn":[0.6898499612],"iteration":717,"passed_time":83.26782794,"remaining_time":32.70407727},
{"learn":[0.6894958232],"iteration":718,"passed_time":83.37998322,"remaining_time":32.58661375},
{"learn":[0.6892564065],"iteration":719,"passed_time":83.48179728,"remaining_time":32.46514339},
{"learn":[0.688970387],"iteration":720,"passed_time":83.59827692,"remaining_time":32.34940258},
{"learn":[0.6887151264],"iteration":721,"passed_time":83.70479675,"remaining_time":32.22982479},
{"learn":[0.6883258604],"iteration":722,"passed_time":83.81540893,"remaining_time":32.111851},
{"learn":[0.6878397503],"iteration":723,"passed_time":83.92492918,"remaining_time":31.99348129},
{"learn":[0.6874428148],"iteration":724,"passed_time":84.0245846,"remaining_time":31.87139416},
{"learn":[0.6871505975],"iteration":725,"passed_time":84.12388635,"remaining_time":31.74923534},
{"learn":[0.6869503309],"iteration":726,"passed_time":84.2352544,"remaining_time":31.6316705},
{"learn":[0.6866812287],"iteration":727,"passed_time":84.33990227,"remaining_time":31.51161184},
{"learn":[0.686418485],"iteration":728,"passed_time":84.46464661,"remaining_time":31.39906616},
{"learn":[0.6861922449],"iteration":729,"passed_time":84.58221662,"remaining_time":31.28383354},
{"learn":[0.6858003153],"iteration":730,"passed_time":84.68932148,"remaining_time":31.16474347},
{"learn":[0.6856986661],"iteration":731,"passed_time":84.80246547,"remaining_time":31.04789719},
{"learn":[0.6854112058],"iteration":732,"passed_time":84.90875043,"remaining_time":30.92856257},
{"learn":[0.685238344],"iteration":733,"passed_time":85.01698962,"remaining_time":30.80997171},
{"learn":[0.6851072125],"iteration":734,"passed_time":85.13038194,"remaining_time":30.69326696},
{"learn":[0.6848585444],"iteration":735,"passed_time":85.2634007,"remaining_time":30.58361112},
{"learn":[0.6845504467],"iteration":736,"passed_time":85.37092854,"remaining_time":30.46479539},
{"learn":[0.6842842315],"iteration":737,"passed_time":85.51397227,"remaining_time":30.35861888},
{"learn":[0.6839413748],"iteration":738,"passed_time":85.61428848,"remaining_time":30.23725209},
{"learn":[0.6836063429],"iteration":739,"passed_time":85.73023707,"remaining_time":30.12143465},
{"learn":[0.6833725996],"iteration":740,"passed_time":85.81944917,"remaining_time":29.99627171},
{"learn":[0.6832186711],"iteration":741,"passed_time":85.93634912,"remaining_time":29.88083298},
{"learn":[0.6829923896],"iteration":742,"passed_time":86.04268418,"remaining_time":29.76173598},
{"learn":[0.6826196176],"iteration":743,"passed_time":86.15088398,"remaining_time":29.64331492},
{"learn":[0.6824363967],"iteration":744,"passed_time":86.25226067,"remaining_time":29.52258587},
{"learn":[0.6823159109],"iteration":745,"passed_time":86.35655572,"remaining_time":29.40290235},
{"learn":[0.6818260829],"iteration":746,"passed_time":86.45665536,"remaining_time":29.2818391},
{"learn":[0.6814092091],"iteration":747,"passed_time":86.56218612,"remaining_time":29.16266163},
{"learn":[0.6810948968],"iteration":748,"passed_time":86.68023443,"remaining_time":29.04771541},
{"learn":[0.6806191132],"iteration":749,"passed_time":86.78660627,"remaining_time":28.92886876},
{"learn":[0.6804599221],"iteration":750,"passed_time":86.88963775,"remaining_time":28.8089478},
{"learn":[0.6803146813],"iteration":751,"passed_time":87.00820631,"remaining_time":28.6941957},
{"learn":[0.6799474636],"iteration":752,"passed_time":87.14153899,"remaining_time":28.5842764},
{"learn":[0.6795741784],"iteration":753,"passed_time":87.25743976,"remaining_time":28.46860767},
{"learn":[0.6793068118],"iteration":754,"passed_time":87.37115475,"remaining_time":28.35222902},
{"learn":[0.6790285095],"iteration":755,"passed_time":87.48639261,"remaining_time":28.23634894},
{"learn":[0.6785949834],"iteration":756,"passed_time":87.61045201,"remaining_time":28.12330229},
{"learn":[0.6784937548],"iteration":757,"passed_time":87.71085228,"remaining_time":28.00267316},
{"learn":[0.6781158389],"iteration":758,"passed_time":87.82546293,"remaining_time":27.88660944},
{"learn":[0.6776622971],"iteration":759,"passed_time":87.93051548,"remaining_time":27.76753121},
{"learn":[0.6774841449],"iteration":760,"passed_time":88.0325668,"remaining_time":27.64754726},
{"learn":[0.6771184277],"iteration":761,"passed_time":88.15972255,"remaining_time":27.5354514},
{"learn":[0.676755309],"iteration":762,"passed_time":88.2680863,"remaining_time":27.41747897},
{"learn":[0.6764801448],"iteration":763,"passed_time":88.38370901,"remaining_time":27.30177399},
{"learn":[0.6760902938],"iteration":764,"passed_time":88.51370128,"remaining_time":27.1904834},
{"learn":[0.6758964583],"iteration":765,"passed_time":88.62813491,"remaining_time":27.07439108},
{"learn":[0.675632251],"iteration":766,"passed_time":88.74339232,"remaining_time":26.95855334},
{"learn":[0.6753951941],"iteration":767,"passed_time":88.85580261,"remaining_time":26.84185704},
{"learn":[0.6749909748],"iteration":768,"passed_time":88.97071861,"remaining_time":26.72592458},
{"learn":[0.6746321203],"iteration":769,"passed_time":89.07914712,"remaining_time":26.60805693},
{"learn":[0.6742136958],"iteration":770,"passed_time":89.19829343,"remaining_time":26.49339714},
{"learn":[0.6739573065],"iteration":771,"passed_time":89.31814033,"remaining_time":26.37893264},
{"learn":[0.6735967445],"iteration":772,"passed_time":89.45159745,"remaining_time":26.268451},
{"learn":[0.6733760237],"iteration":773,"passed_time":89.57519099,"remaining_time":26.15502993},
{"learn":[0.6731133291],"iteration":774,"passed_time":89.69689155,"remaining_time":26.04103303},
{"learn":[0.6727679574],"iteration":775,"passed_time":89.80277587,"remaining_time":25.92245077},
{"learn":[0.6724142385],"iteration":776,"passed_time":89.91641447,"remaining_time":25.80612668},
{"learn":[0.6721556673],"iteration":777,"passed_time":90.03397076,"remaining_time":25.69092739},
{"learn":[0.6718257175],"iteration":778,"passed_time":90.14112157,"remaining_time":25.57277005},
{"learn":[0.6715591266],"iteration":779,"passed_time":90.25767281,"remaining_time":25.45729233},
{"learn":[0.6712537863],"iteration":780,"passed_time":90.36177611,"remaining_time":25.33832134},
{"learn":[0.6708294197],"iteration":781,"passed_time":90.49040204,"remaining_time":25.22622461},
{"learn":[0.6705523262],"iteration":782,"passed_time":90.59501372,"remaining_time":25.10743037},
{"learn":[0.6702205185],"iteration":783,"passed_time":90.70009046,"remaining_time":24.98880043},
{"learn":[0.6698258807],"iteration":784,"passed_time":90.79655144,"remaining_time":24.8678453},
{"learn":[0.6694879435],"iteration":785,"passed_time":90.91365494,"remaining_time":24.75257272},
{"learn":[0.6691933953],"iteration":786,"passed_time":91.02074845,"remaining_time":24.6345863},
{"learn":[0.6689708136],"iteration":787,"passed_time":91.13184336,"remaining_time":24.51770405},
{"learn":[0.6685777396],"iteration":788,"passed_time":91.24285281,"remaining_time":24.40081362},
{"learn":[0.6682530653],"iteration":789,"passed_time":91.36449226,"remaining_time":24.28676377},
{"learn":[0.6678532491],"iteration":790,"passed_time":91.49303138,"remaining_time":24.17451777},
{"learn":[0.6674478721],"iteration":791,"passed_time":91.60121715,"remaining_time":24.05688531},
{"learn":[0.6671060402],"iteration":792,"passed_time":91.72038345,"remaining_time":23.94214297},
{"learn":[0.6668452853],"iteration":793,"passed_time":91.8563277,"remaining_time":23.83174245},
{"learn":[0.6666837696],"iteration":794,"passed_time":91.95279669,"remaining_time":23.71109852},
{"learn":[0.6663579294],"iteration":795,"passed_time":92.06472155,"remaining_time":23.59447638},
{"learn":[0.6660886614],"iteration":796,"passed_time":92.17463932,"remaining_time":23.47735481},
{"learn":[0.6657483565],"iteration":797,"passed_time":92.28048244,"remaining_time":23.35921987},
{"learn":[0.6654738535],"iteration":798,"passed_time":92.38860596,"remaining_time":23.24168936},
{"learn":[0.6651702169],"iteration":799,"passed_time":92.48784078,"remaining_time":23.12196019},
{"learn":[0.6648419572],"iteration":800,"passed_time":92.60109539,"remaining_time":23.00576527},
{"learn":[0.6645420477],"iteration":801,"passed_time":92.71310294,"remaining_time":22.8892698},
{"learn":[0.6642768448],"iteration":802,"passed_time":92.82067465,"remaining_time":22.77169727},
{"learn":[0.6639269607],"iteration":803,"passed_time":92.93280678,"remaining_time":22.65526135},
{"learn":[0.6635902331],"iteration":804,"passed_time":93.02528559,"remaining_time":22.53407539},
{"learn":[0.6632943777],"iteration":805,"passed_time":93.12633714,"remaining_time":22.41502408},
{"learn":[0.6631495442],"iteration":806,"passed_time":93.23561883,"remaining_time":22.29798567},
{"learn":[0.6627883379],"iteration":807,"passed_time":93.36841585,"remaining_time":22.18655426},
{"learn":[0.6625595479],"iteration":808,"passed_time":93.46905325,"remaining_time":22.06747734},
{"learn":[0.6622283932],"iteration":809,"passed_time":93.58318198,"remaining_time":21.95161059},
{"learn":[0.6619657297],"iteration":810,"passed_time":93.70203102,"remaining_time":21.83684817},
{"learn":[0.6616095591],"iteration":811,"passed_time":93.80322964,"remaining_time":21.71798913},
{"learn":[0.6611979387],"iteration":812,"passed_time":93.91453746,"remaining_time":21.60149878},
{"learn":[0.6608678699],"iteration":813,"passed_time":94.02067943,"remaining_time":21.48384075},
{"learn":[0.6605146819],"iteration":814,"passed_time":94.15032712,"remaining_time":21.37154665},
{"learn":[0.6596873212],"iteration":815,"passed_time":94.27493636,"remaining_time":21.25807388},
{"learn":[0.6595585957],"iteration":816,"passed_time":94.38179101,"remaining_time":21.14059701},
{"learn":[0.6592623541],"iteration":817,"passed_time":94.49851498,"remaining_time":21.02534196},
{"learn":[0.6587981284],"iteration":818,"passed_time":94.62734438,"remaining_time":20.91275865},
{"learn":[0.658413772],"iteration":819,"passed_time":94.74255814,"remaining_time":20.79714691},
{"learn":[0.6582374693],"iteration":820,"passed_time":94.85739862,"remaining_time":20.68145475},
{"learn":[0.6579910295],"iteration":821,"passed_time":94.95690509,"remaining_time":20.56244417},
{"learn":[0.6577054297],"iteration":822,"passed_time":95.06386703,"remaining_time":20.4450844},
{"learn":[0.6573099648],"iteration":823,"passed_time":95.17936528,"remaining_time":20.32957317},
{"learn":[0.6571047706],"iteration":824,"passed_time":95.26896757,"remaining_time":20.20856888},
{"learn":[0.6568553287],"iteration":825,"passed_time":95.37095989,"remaining_time":20.09025063},
{"learn":[0.6566572865],"iteration":826,"passed_time":95.49900606,"remaining_time":19.97742207},
{"learn":[0.6564840168],"iteration":827,"passed_time":95.60557849,"remaining_time":19.86009602},
{"learn":[0.6562015548],"iteration":828,"passed_time":95.72844858,"remaining_time":19.74615767},
{"learn":[0.6558522059],"iteration":829,"passed_time":95.85435407,"remaining_time":19.63281951},
{"learn":[0.6554273862],"iteration":830,"passed_time":95.96265557,"remaining_time":19.51587099},
{"learn":[0.6552476664],"iteration":831,"passed_time":96.09413456,"remaining_time":19.40362333},
{"learn":[0.6549361211],"iteration":832,"passed_time":96.21075761,"remaining_time":19.28835117},
{"learn":[0.65469846],"iteration":833,"passed_time":96.2982534,"remaining_time":19.16727826},
{"learn":[0.654354826],"iteration":834,"passed_time":96.40832755,"remaining_time":19.05074736},
{"learn":[0.6541503524],"iteration":835,"passed_time":96.53120808,"remaining_time":18.93674417},
{"learn":[0.6538412207],"iteration":836,"passed_time":96.63946819,"remaining_time":18.81987254},
{"learn":[0.6534782732],"iteration":837,"passed_time":96.7561028,"remaining_time":18.7046404},
{"learn":[0.6532439528],"iteration":838,"passed_time":96.87002981,"remaining_time":18.58888534},
{"learn":[0.6528225807],"iteration":839,"passed_time":96.96571141,"remaining_time":18.46965932},
{"learn":[0.6522941381],"iteration":840,"passed_time":97.0759841,"remaining_time":18.35324789},
{"learn":[0.6518866902],"iteration":841,"passed_time":97.19323854,"remaining_time":18.23816115},
{"learn":[0.6515286187],"iteration":842,"passed_time":97.30852949,"remaining_time":18.12270359},
{"learn":[0.651197617],"iteration":843,"passed_time":97.42950854,"remaining_time":18.00829779},
{"learn":[0.6509456792],"iteration":844,"passed_time":97.55091962,"remaining_time":17.89395567},
{"learn":[0.6505467056],"iteration":845,"passed_time":97.66005841,"remaining_time":17.77736288},
{"learn":[0.6501774128],"iteration":846,"passed_time":97.783076,"remaining_time":17.66329472},
{"learn":[0.6499543223],"iteration":847,"passed_time":97.88936906,"remaining_time":17.54620766},
{"learn":[0.6497135679],"iteration":848,"passed_time":98.00478587,"remaining_time":17.43076875},
{"learn":[0.6495056588],"iteration":849,"passed_time":98.10201493,"remaining_time":17.31212028},
{"learn":[0.6492293158],"iteration":850,"passed_time":98.22823832,"remaining_time":17.19859872},
{"learn":[0.6489287548],"iteration":851,"passed_time":98.36269143,"remaining_time":17.08647692},
{"learn":[0.648623471],"iteration":852,"passed_time":98.47484475,"remaining_time":16.97045976},
{"learn":[0.6484021741],"iteration":853,"passed_time":98.58180226,"remaining_time":16.85356338},
{"learn":[0.6482691056],"iteration":854,"passed_time":98.69890868,"remaining_time":16.73841141},
{"learn":[0.6480734232],"iteration":855,"passed_time":98.79628037,"remaining_time":16.61993501},
{"learn":[0.6479434068],"iteration":856,"passed_time":98.89033539,"remaining_time":16.50095445},
{"learn":[0.6476761392],"iteration":857,"passed_time":98.98921806,"remaining_time":16.38283096},
{"learn":[0.6474486004],"iteration":858,"passed_time":99.07277217,"remaining_time":16.26223618},
{"learn":[0.6468984747],"iteration":859,"passed_time":99.21775157,"remaining_time":16.151727},
{"learn":[0.6467411307],"iteration":860,"passed_time":99.31246339,"remaining_time":16.03302255},
{"learn":[0.6465017426],"iteration":861,"passed_time":99.42701324,"remaining_time":15.91754968},
{"learn":[0.646357767],"iteration":862,"passed_time":99.54699492,"remaining_time":15.80294126},
{"learn":[0.6461948059],"iteration":863,"passed_time":99.65176207,"remaining_time":15.68592551},
{"learn":[0.6458006834],"iteration":864,"passed_time":99.75952482,"remaining_time":15.56940561},
{"learn":[0.6454554442],"iteration":865,"passed_time":99.85072271,"remaining_time":15.45034278},
{"learn":[0.6451435708],"iteration":866,"passed_time":99.95819922,"remaining_time":15.3338414},
{"learn":[0.6449609053],"iteration":867,"passed_time":100.0688153,"remaining_time":15.21783827},
{"learn":[0.6445664483],"iteration":868,"passed_time":100.1761055,"remaining_time":15.10134617},
{"learn":[0.6442524802],"iteration":869,"passed_time":100.282509,"remaining_time":14.98474273},
{"learn":[0.6439884114],"iteration":870,"passed_time":100.3957225,"remaining_time":14.8691713},
{"learn":[0.6437253725],"iteration":871,"passed_time":100.496502,"remaining_time":14.75178012},
{"learn":[0.6435911892],"iteration":872,"passed_time":100.6120496,"remaining_time":14.63657537},
{"learn":[0.643427764],"iteration":873,"passed_time":100.7207991,"remaining_time":14.5203898},
{"learn":[0.6432253354],"iteration":874,"passed_time":100.8552255,"remaining_time":14.40788935},
{"learn":[0.6429957165],"iteration":875,"passed_time":100.9734982,"remaining_time":14.29305225},
{"learn":[0.6429051498],"iteration":876,"passed_time":101.0832599,"remaining_time":14.17701365},
{"learn":[0.642515111],"iteration":877,"passed_time":101.2187171,"remaining_time":14.06455978},
{"learn":[0.6421608937],"iteration":878,"passed_time":101.353807,"remaining_time":13.95200301},
{"learn":[0.6419209869],"iteration":879,"passed_time":101.4712377,"remaining_time":13.83698696},
{"learn":[0.6416447821],"iteration":880,"passed_time":101.573504,"remaining_time":13.71991711},
{"learn":[0.6414595596],"iteration":881,"passed_time":101.6757746,"remaining_time":13.60288141},
{"learn":[0.6411857062],"iteration":882,"passed_time":101.7831112,"remaining_time":13.48655041},
{"learn":[0.6409646472],"iteration":883,"passed_time":101.8895734,"remaining_time":13.37012501},
{"learn":[0.6408229513],"iteration":884,"passed_time":102.0024535,"remaining_time":13.25455611},
{"learn":[0.6404183116],"iteration":885,"passed_time":102.1300707,"remaining_time":13.14088946},
{"learn":[0.6401748054],"iteration":886,"passed_time":102.2446301,"remaining_time":13.02552785},
{"learn":[0.6399198079],"iteration":887,"passed_time":102.3811882,"remaining_time":12.91294265},
{"learn":[0.6397285644],"iteration":888,"passed_time":102.4933686,"remaining_time":12.79725974},
{"learn":[0.6395010053],"iteration":889,"passed_time":102.6013717,"remaining_time":12.68106841},
{"learn":[0.6392726801],"iteration":890,"passed_time":102.7254453,"remaining_time":12.56686143},
{"learn":[0.6391995794],"iteration":891,"passed_time":102.8159345,"remaining_time":12.44856606},
{"learn":[0.6390050502],"iteration":892,"passed_time":102.9390698,"remaining_time":12.33424465},
{"learn":[0.6385782143],"iteration":893,"passed_time":103.0553553,"remaining_time":12.21909134},
{"learn":[0.6382969058],"iteration":894,"passed_time":103.176158,"remaining_time":12.10446547},
{"learn":[0.6378882866],"iteration":895,"passed_time":103.3148803,"remaining_time":11.99190574},
{"learn":[0.6374848389],"iteration":896,"passed_time":103.4234138,"remaining_time":11.87582121},
{"learn":[0.6372951808],"iteration":897,"passed_time":103.5480776,"remaining_time":11.76158566},
{"learn":[0.6370164314],"iteration":898,"passed_time":103.6597676,"remaining_time":11.64586933},
{"learn":[0.6366271441],"iteration":899,"passed_time":103.7735536,"remaining_time":11.53039485},
{"learn":[0.6363357526],"iteration":900,"passed_time":103.88097,"remaining_time":11.41422423},
{"learn":[0.6359796173],"iteration":901,"passed_time":103.9881257,"remaining_time":11.2980447},
{"learn":[0.6357228613],"iteration":902,"passed_time":104.1069851,"remaining_time":11.18314237},
{"learn":[0.6356058653],"iteration":903,"passed_time":104.2099958,"remaining_time":11.06654823},
{"learn":[0.6353829097],"iteration":904,"passed_time":104.325508,"remaining_time":10.95129642},
{"learn":[0.6351217461],"iteration":905,"passed_time":104.4693825,"remaining_time":10.83898671},
{"learn":[0.6349031423],"iteration":906,"passed_time":104.5967397,"remaining_time":10.72491377},
{"learn":[0.6347013354],"iteration":907,"passed_time":104.7100255,"remaining_time":10.60938585},
{"learn":[0.6345277436],"iteration":908,"passed_time":104.8457052,"remaining_time":10.49610471},
{"learn":[0.6341895315],"iteration":909,"passed_time":104.9584369,"remaining_time":10.38050475},
{"learn":[0.633955572],"iteration":910,"passed_time":105.0953568,"remaining_time":10.26727416},
{"learn":[0.6337683225],"iteration":911,"passed_time":105.2249803,"remaining_time":10.15328757},
{"learn":[0.6334274196],"iteration":912,"passed_time":105.3269054,"remaining_time":10.03662735},
{"learn":[0.6331996246],"iteration":913,"passed_time":105.4320475,"remaining_time":9.920302061},
{"learn":[0.632801581],"iteration":914,"passed_time":105.5399512,"remaining_time":9.804257764},
{"learn":[0.6323760408],"iteration":915,"passed_time":105.6470106,"remaining_time":9.688153811},
{"learn":[0.6320970409],"iteration":916,"passed_time":105.768082,"remaining_time":9.573337846},
{"learn":[0.6320131114],"iteration":917,"passed_time":105.8829908,"remaining_time":9.457957784},
{"learn":[0.6317883304],"iteration":918,"passed_time":105.9950535,"remaining_time":9.342327889},
{"learn":[0.6316215926],"iteration":919,"passed_time":106.0900848,"remaining_time":9.225224765},
{"learn":[0.6314112137],"iteration":920,"passed_time":106.213366,"remaining_time":9.110592742},
{"learn":[0.6310471603],"iteration":921,"passed_time":106.3323741,"remaining_time":8.995580456},
{"learn":[0.6308064995],"iteration":922,"passed_time":106.4531357,"remaining_time":8.880705792},
{"learn":[0.6304764841],"iteration":923,"passed_time":106.5734244,"remaining_time":8.7657795},
{"learn":[0.6302368175],"iteration":924,"passed_time":106.6966793,"remaining_time":8.651082105},
{"learn":[0.6299294557],"iteration":925,"passed_time":106.8122426,"remaining_time":8.535751572},
{"learn":[0.6295191993],"iteration":926,"passed_time":106.9135775,"remaining_time":8.419300059},
{"learn":[0.629125067],"iteration":927,"passed_time":107.0169757,"remaining_time":8.303041218},
{"learn":[0.6287755097],"iteration":928,"passed_time":107.1373631,"remaining_time":8.188108479},
{"learn":[0.6285659184],"iteration":929,"passed_time":107.2449705,"remaining_time":8.072202077},
{"learn":[0.6283024403],"iteration":930,"passed_time":107.3520173,"remaining_time":7.956271955},
{"learn":[0.6281029021],"iteration":931,"passed_time":107.4901844,"remaining_time":7.842631479},
{"learn":[0.6279087867],"iteration":932,"passed_time":107.5820358,"remaining_time":7.725612429},
{"learn":[0.627580443],"iteration":933,"passed_time":107.7107323,"remaining_time":7.611250889},
{"learn":[0.6272790674],"iteration":934,"passed_time":107.8249838,"remaining_time":7.495854488},
{"learn":[0.626987325],"iteration":935,"passed_time":107.9156474,"remaining_time":7.378847683},
{"learn":[0.6266988727],"iteration":936,"passed_time":108.0312595,"remaining_time":7.263574543},
{"learn":[0.6264748527],"iteration":937,"passed_time":108.1273844,"remaining_time":7.147012616},
{"learn":[0.6263065381],"iteration":938,"passed_time":108.2549736,"remaining_time":7.032538223},
{"learn":[0.6259343668],"iteration":939,"passed_time":108.361815,"remaining_time":6.916711597},
{"learn":[0.6255936716],"iteration":940,"passed_time":108.4900297,"remaining_time":6.802244155},
{"learn":[0.6253006077],"iteration":941,"passed_time":108.6107313,"remaining_time":6.687284942},
{"learn":[0.6250636779],"iteration":942,"passed_time":108.7247729,"remaining_time":6.571910979},
{"learn":[0.624664764],"iteration":943,"passed_time":108.8195002,"remaining_time":6.455394078},
{"learn":[0.624437376],"iteration":944,"passed_time":108.9321878,"remaining_time":6.339968601},
{"learn":[0.624255728],"iteration":945,"passed_time":109.0321837,"remaining_time":6.223824441},
{"learn":[0.6240355572],"iteration":946,"passed_time":109.1528745,"remaining_time":6.108872597},
{"learn":[0.6237618521],"iteration":947,"passed_time":109.2703257,"remaining_time":5.993730948},
{"learn":[0.6235332979],"iteration":948,"passed_time":109.3925918,"remaining_time":5.878843184},
{"learn":[0.6232266623],"iteration":949,"passed_time":109.492641,"remaining_time":5.762770579},
{"learn":[0.623060737],"iteration":950,"passed_time":109.5979555,"remaining_time":5.647002965},
{"learn":[0.6229014516],"iteration":951,"passed_time":109.6957326,"remaining_time":5.530877276},
{"learn":[0.622770035],"iteration":952,"passed_time":109.8108707,"remaining_time":5.415646298},
{"learn":[0.6224511122],"iteration":953,"passed_time":109.9346704,"remaining_time":5.300833164},
{"learn":[0.6221904916],"iteration":954,"passed_time":110.0298251,"remaining_time":5.184651445},
{"learn":[0.6219745787],"iteration":955,"passed_time":110.1378367,"remaining_time":5.069105455},
{"learn":[0.6214928521],"iteration":956,"passed_time":110.2507747,"remaining_time":4.953796565},
{"learn":[0.6212897781],"iteration":957,"passed_time":110.3508187,"remaining_time":4.837927331},
{"learn":[0.6210068044],"iteration":958,"passed_time":110.4325785,"remaining_time":4.721309405},
{"learn":[0.6208263198],"iteration":959,"passed_time":110.5410416,"remaining_time":4.605876734},
{"learn":[0.6205826069],"iteration":960,"passed_time":110.6539219,"remaining_time":4.49063783},
{"learn":[0.6203755582],"iteration":961,"passed_time":110.7841668,"remaining_time":4.376089749},
{"learn":[0.6201971557],"iteration":962,"passed_time":110.8872615,"remaining_time":4.260465913},
{"learn":[0.6200929851],"iteration":963,"passed_time":110.999796,"remaining_time":4.145220597},
{"learn":[0.619791575],"iteration":964,"passed_time":111.1129272,"remaining_time":4.03000254},
{"learn":[0.6195508256],"iteration":965,"passed_time":111.2223955,"remaining_time":3.914659883},
{"learn":[0.6194123189],"iteration":966,"passed_time":111.3410753,"remaining_time":3.799643728},
{"learn":[0.6191440457],"iteration":967,"passed_time":111.4528789,"remaining_time":3.684392691},
{"learn":[0.6187635218],"iteration":968,"passed_time":111.5727774,"remaining_time":3.569407741},
{"learn":[0.6185111569],"iteration":969,"passed_time":111.6930877,"remaining_time":3.454425392},
{"learn":[0.6182953651],"iteration":970,"passed_time":111.7911862,"remaining_time":3.338768692},
{"learn":[0.6180174768],"iteration":971,"passed_time":111.9044603,"remaining_time":3.223585275},
{"learn":[0.6177835968],"iteration":972,"passed_time":112.0054977,"remaining_time":3.108066226},
{"learn":[0.6176064734],"iteration":973,"passed_time":112.1125173,"remaining_time":2.992736601},
{"learn":[0.6173437806],"iteration":974,"passed_time":112.2421297,"remaining_time":2.878003327},
{"learn":[0.6171184536],"iteration":975,"passed_time":112.3625409,"remaining_time":2.763013301},
{"learn":[0.6168523176],"iteration":976,"passed_time":112.4869015,"remaining_time":2.648105153},
{"learn":[0.6165015861],"iteration":977,"passed_time":112.5772147,"remaining_time":2.532411782},
{"learn":[0.6163551453],"iteration":978,"passed_time":112.6856988,"remaining_time":2.417160037},
{"learn":[0.6160965992],"iteration":979,"passed_time":112.7975589,"remaining_time":2.301990998},
{"learn":[0.6157263538],"iteration":980,"passed_time":112.9108473,"remaining_time":2.186856369},
{"learn":[0.6155566177],"iteration":981,"passed_time":113.0183481,"remaining_time":2.071619415},
{"learn":[0.6152110726],"iteration":982,"passed_time":113.1217163,"remaining_time":1.956326731},
{"learn":[0.6149698565],"iteration":983,"passed_time":113.2263089,"remaining_time":1.841078193},
{"learn":[0.6145310077],"iteration":984,"passed_time":113.2867743,"remaining_time":1.725179305},
{"learn":[0.614321458],"iteration":985,"passed_time":113.3531029,"remaining_time":1.609476105},
{"learn":[0.6140508268],"iteration":986,"passed_time":113.4217796,"remaining_time":1.493903885},
{"learn":[0.6138831876],"iteration":987,"passed_time":113.4683249,"remaining_time":1.378157792},
{"learn":[0.6133975566],"iteration":988,"passed_time":113.5011901,"remaining_time":1.262399485},
{"learn":[0.6131467771],"iteration":989,"passed_time":113.5348077,"remaining_time":1.146816239},
{"learn":[0.612860501],"iteration":990,"passed_time":113.5684361,"remaining_time":1.031398512},
{"learn":[0.6125882531],"iteration":991,"passed_time":113.6006121,"remaining_time":0.9161339686},
{"learn":[0.6123014039],"iteration":992,"passed_time":113.624368,"remaining_time":0.8009774178},
{"learn":[0.6120971978],"iteration":993,"passed_time":113.6445709,"remaining_time":0.6859833256},
{"learn":[0.6118626374],"iteration":994,"passed_time":113.6635766,"remaining_time":0.5711737515},
{"learn":[0.6116821332],"iteration":995,"passed_time":113.6838368,"remaining_time":0.4565615936},
{"learn":[0.6114564297],"iteration":996,"passed_time":113.702412,"remaining_time":0.3421336369},
{"learn":[0.6111094364],"iteration":997,"passed_time":113.7198924,"remaining_time":0.2278955759},
{"learn":[0.6107292596],"iteration":998,"passed_time":113.7384594,"remaining_time":0.1138523117},
{"learn":[0.6104803021],"iteration":999,"passed_time":113.7596736,"remaining_time":0}
]}:0}
]}